"","occurrence","direction","gene_symbol_human","gene_symbol_mouse"
"IL6",7,"up","IL6","Il6"
"IGFBP3",7,"up","IGFBP3","Igfbp3"
"EGFR",7,"down","EGFR","Egfr"
"SERPINE1",6,"up","SERPINE1","Serpine1"
"IGFBP1",6,"up","IGFBP1","Igfbp1"
"IGFBP7",6,"up","IGFBP7","Igfbp7"
"FAS",6,"up","FAS","Fas"
"FGF2",6,"up","FGF2","Fgf2"
"VEGFA",6,"up","VEGFA","Vegfa"
"CDKN1A",6,"up","CDKN1A","Cdkn1a"
"CDKN2A",6,"up","CDKN2A","Cdkn2a"
"STAT1",5,"up","STAT1","Stat1"
"TNFRSF10C",5,"up","TNFRSF10C","Tnfrsf10b"
"PARP1",5,"down","PARP1","Parp1"
"CXCL8",5,"up","CXCL8",NA
"IL1A",5,"up","IL1A","Il1a"
"CXCL1",5,"up","CXCL1","Cxcl3"
"ICAM1",5,"up","ICAM1","Icam1"
"CCL2",5,"up","CCL2","Ccl2"
"IGFBP2",5,"up","IGFBP2","Igfbp2"
"AXL",5,"down","AXL","Axl"
"WNT2",5,"down","WNT2","Wnt2"
"HMGB2",5,"down","HMGB2","Hmgb2"
"HMGB1",5,"down","HMGB1","Hmgb1"
"IGFBP5",5,"up","IGFBP5","Igfbp5"
"GDF15",5,"up","GDF15","Gdf15"
"MDM2",5,"down","MDM2","Mdm2"
"CDKN2B",5,"up","CDKN2B","Cdkn2b"
"CCNA2",5,"down","CCNA2","Ccna2"
"CDK1",5,"down","CDK1","Cdk1"
"HELLS",5,"down","HELLS","Hells"
"FOXM1",5,"down","FOXM1","Foxm1"
"BUB1B",5,"down","BUB1B","Bub1b"
"LMNB1",5,"down","LMNB1","Lmnb1"
"BRCA1",5,"down","BRCA1","Brca1"
"IGF1",5,"up","IGF1","Igf1"
"JUN",5,"down","JUN","Jun"
"MIF",5,"down","MIF","Mif"
"TGFB1",5,"up","TGFB1","Tgfb1"
"HMGB3",4,"down","HMGB3","Hmgb3"
"LBR",4,"down","LBR","Lbr"
"CBS",4,"down","CBS","Cbs"
"MMP1",4,"up","MMP1","Mmp1a"
"IL1B",4,"up","IL1B","Il1b"
"CXCL3",4,"up","CXCL3",NA
"CXCL2",4,"up","CXCL2","Cxcl3"
"MMP10",4,"up","MMP10","Mmp10"
"PLAU",4,"up","PLAU","Plau"
"TNFRSF1B",4,"down","TNFRSF1B","Tnfrsf1b"
"ZMAT3",4,"up","ZMAT3","Zmat3"
"GRN",4,"up","GRN","Grn"
"CCND1",4,"up","CCND1","Ccnd1"
"SERPINB2",4,"up","SERPINB2","Serpinb2"
"TGFB2",4,"up","TGFB2","Tgfb2"
"TIMP2",4,"up","TIMP2","Timp2"
"CTSB",4,"up","CTSB","Ctsb"
"MMP12",4,"up","MMP12","Mmp12"
"WNT5A",4,"up","WNT5A","Wnt5a"
"SMURF2",4,"up","SMURF2","Smurf2"
"MMP3",4,"up","MMP3","Mmp3"
"HJURP",4,"down","HJURP","Hjurp"
"MAD2L1",4,"down","MAD2L1","Mad2l1"
"BUB1",4,"down","BUB1","Bub1"
"BIRC5",4,"down","BIRC5","Birc5"
"RRM2",4,"down","RRM2","Rrm2"
"UBE2C",4,"down","UBE2C","Ube2c"
"MYBL2",4,"down","MYBL2","Mybl2"
"AURKB",4,"down","AURKB","Aurkb"
"EZH2",4,"down","EZH2","Ezh2"
"CENPA",4,"down","CENPA","Cenpa"
"PLK1",4,"down","PLK1","Plk1"
"PCNA",4,"down","PCNA","Pcna"
"CDK4",4,"down","CDK4","Cdk4"
"CDK2",4,"down","CDK2","Cdk2"
"CTNNAL1",4,"down","CTNNAL1","Ctnnal1"
"KIF2C",4,"down","KIF2C","Kif2c"
"CHEK1",4,"down","CHEK1","Chek1"
"TOPBP1",4,"down","TOPBP1","Topbp1"
"TWIST1",4,"down","TWIST1","Twist1"
"CNOT6",4,"down","CNOT6","Cnot6"
"PIM1",4,"up","PIM1","Pim1"
"APEX1",4,"down","APEX1","Apex1"
"UHRF1",4,"down","UHRF1","Uhrf1"
"FANCD2",4,"down","FANCD2","Fancd2"
"CTNNB1",4,"up","CTNNB1","Ctnnb1"
"CXCR2",4,"up","CXCR2","Cxcr2"
"ETS2",4,"up","ETS2","Ets2"
"IL15",4,"up","IL15","Il15"
"IL7",4,"up","IL7","Il7"
"MMP9",4,"up","MMP9","Mmp9"
"PLAUR",4,"up","PLAUR","Plaur"
"TNF",4,"up","TNF","Tnf"
"TP53",4,"up","TP53","Trp53"
"TERT",4,"down","TERT","Tert"
"ATM",4,"up","ATM","Atm"
"WRN",4,"down","WRN","Wrn"
"LMNA",4,"up","LMNA","Lmna"
"KL",4,"down","KL","Kl"
"E2F1",4,"down","E2F1","E2f1"
"STAT3",4,"up","STAT3","Stat3"
"AKT1",4,"down","AKT1","Akt1"
"HRAS",4,"up","HRAS","Hras"
"MYC",4,"down","MYC","Myc"
"ERBB2",4,"up","ERBB2","Erbb2"
"FOS",4,"down","FOS","Fos"
"PRKCD",4,"up","PRKCD","Prkcd"
"PIN1",4,"down","PIN1","Pin1rt1"
"PTEN",4,"down","PTEN","Pten"
"BCL2",4,"up","BCL2","Bcl2"
"CEBPB",4,"up","CEBPB","Cebpb"
"PML",4,"up","PML","Pml"
"GSK3B",4,"down","GSK3B","Gsk3b"
"PRKDC",4,"down","PRKDC","Prkdc"
"RB1",4,"up","RB1","Rb1"
"FOXO1",4,"up","FOXO1","Foxo1"
"RECQL4",4,"down","RECQL4","Recql4"
"SOD2",4,"down","SOD2","Sod2"
"RELA",4,"up","RELA","Rela"
"SIRT1",4,"down","SIRT1","Sirt1"
"HDAC1",4,"down","HDAC1","Hdac1"
"MAPK14",4,"up","MAPK14","Mapk14"
"MAPK9",4,"down","MAPK9","Mapk9"
"BMI1",4,"down","BMI1","Bmi1"
"MTOR",4,"up","MTOR","Mtor"
"SIRT6",4,"down","SIRT6","Sirt6"
"PPARG",4,"down","PPARG","Pparg"
"SIRT3",4,"down","SIRT3","Sirt3"
"CHPF2",3,"up","CHPF2","Chpf2"
"SLC9A7",3,"up","SLC9A7","Slc9a7"
"TMEM30A",3,"up","TMEM30A","Tmem30a"
"RND3",3,"up","RND3","Rnd3"
"PAM",3,"up","PAM","Pam"
"WDR63",3,"up","WDR63",NA
"GPR155",3,"up","GPR155","Gpr155"
"CLDN1",3,"up","CLDN1","Cldn1"
"FILIP1L",3,"up","FILIP1L","Filip1l"
"ANP32B",3,"down","ANP32B","Anp32b"
"CBX2",3,"down","CBX2","Cbx2"
"CXCL6",3,"up","CXCL6","Cxcl5"
"CXCL5",3,"up","CXCL5","Cxcl5"
"AREG",3,NA,"AREG","Areg"
"PLAT",3,"up","PLAT","Plat"
"IGFBP4",3,"up","IGFBP4","Igfbp4"
"TNFRSF11B",3,NA,"TNFRSF11B","Tnfrsf11b"
"TIMP1",3,"up","TIMP1","Timp1"
"CCL5",3,"up","CCL5","Ccl5"
"IGFBP6",3,NA,"IGFBP6","Igfbp6"
"TP53INP1",3,"up","TP53INP1","Trp53inp1"
"RRM2B",3,"up","RRM2B","Rrm2b"
"CTSD",3,NA,"CTSD","Ctsd"
"DPP4",3,"up","DPP4","Dpp4"
"NTN4",3,NA,"NTN4","Ntn4"
"BTG2",3,"up","BTG2","Btg2"
"MXD4",3,"up","MXD4","Mxd4"
"ANGPTL4",3,"up","ANGPTL4","Angptl4"
"DUSP6",3,NA,"DUSP6","Dusp6"
"CTSZ",3,"up","CTSZ","Ctsz"
"TSC22D1",3,NA,"TSC22D1","Tsc22d1"
"EDN1",3,"up","EDN1","Edn1"
"APP",3,"up","APP","App"
"ITGA2",3,"up","ITGA2","Itga2"
"EFEMP1",3,"up","EFEMP1","Efemp1"
"SLC31A2",3,"up","SLC31A2","Slc31a2"
"NDRG1",3,"up","NDRG1","Ndrg1"
"C3",3,"up","C3","C3"
"CXCL10",3,"up","CXCL10","Cxcl10"
"TLR3",3,"up","TLR3","Tlr3"
"DDB2",3,"up","DDB2","Ddb2"
"NCAPG2",3,"down","NCAPG2","Ncapg2"
"TACC3",3,"down","TACC3","Tacc3"
"AURKA",3,"down","AURKA","Aurka"
"TTK",3,"down","TTK","Ttk"
"ANLN",3,"down","ANLN","Anln"
"DEK",3,"down","DEK","Dek"
"TPX2",3,"down","TPX2","Tpx2"
"CDCA2",3,"down","CDCA2","Cdca2"
"CDC45",3,"down","CDC45","Cdc45"
"TOP2A",3,"down","TOP2A","Top2a"
"KIF11",3,"down","KIF11","Kif11"
"GMNN",3,"down","GMNN","Gmnn"
"HNRNPD",3,"down","HNRNPD","Hnrnpd"
"HNRNPA1",3,"down","HNRNPA1","Hnrnpa1"
"TYMS",3,"down","TYMS","Tyms"
"CXCL12",3,"down","CXCL12","Cxcl12"
"PTTG1",3,"down","PTTG1","Pttg1"
"CDC7",3,"down","CDC7","Cdc7"
"KIFC1",3,"down","KIFC1","Kifc1"
"SRSF3",3,"down","SRSF3","Srsf3"
"NEK2",3,"down","NEK2","Nek2"
"FBXO5",3,"down","FBXO5","Fbxo5"
"RNASEH2A",3,"down","RNASEH2A","Rnaseh2a"
"CCNB1",3,"down","CCNB1","Ccnb1"
"CHAF1B",3,"down","CHAF1B","Chaf1b"
"RAD51",3,"down","RAD51","Rad51"
"DKC1",3,"down","DKC1","Dkc1"
"USP1",3,"down","USP1","Usp1"
"SKP2",3,"down","SKP2","Skp2"
"EIF4EBP1",3,"down","EIF4EBP1","Eif4ebp1"
"DNMT1",3,"down","DNMT1","Dnmt1"
"KIF20A",3,"down","KIF20A","Kif20a"
"ILF3",3,"down","ILF3","Ilf3"
"TCF3",3,"down","TCF3","Tcf3"
"TRA2B",3,"down","TRA2B","Tra2b"
"BLM",3,"down","BLM","Blm"
"ESPL1",3,"down","ESPL1","Espl1"
"NUDT1",3,"down","NUDT1","Nudt1"
"CIT",3,"down","CIT","Cit"
"GTSE1",3,"down","GTSE1","Gtse1"
"RACGAP1",3,"down","RACGAP1","Racgap1"
"EGR1",3,"down","EGR1","Egr1"
"PTBP1",3,"down","PTBP1","Ptbp1"
"HMGA1",3,NA,"HMGA1","Hmga1b"
"H2AFX",3,"down","H2AFX",NA
"ETS1",3,NA,"ETS1","Ets1"
"RRM1",3,"down","RRM1","Rrm1"
"PHGDH",3,"down","PHGDH","Phgdh"
"EEF1E1",3,NA,"EEF1E1","Eef1e1"
"RPS9",3,"down","RPS9","Rps9"
"ORC1",3,"down","ORC1","Orc1"
"GEM",3,"down","GEM","Gem"
"CCNE2",3,"down","CCNE2","Ccne2"
"RBL1",3,NA,"RBL1","Rbl1"
"XPO1",3,"up","XPO1","Xpo1"
"EWSR1",3,NA,"EWSR1","Ewsr1"
"NRAS",3,"up","NRAS","Nras"
"HMGA2",3,NA,"HMGA2","Hmga2"
"BMP2",3,"up","BMP2","Bmp2"
"CCL20",3,"up","CCL20","Ccl20"
"CCL3",3,"up","CCL3","Ccl3"
"CCL7",3,"up","CCL7","Ccl7"
"CSF1",3,"up","CSF1","Csf1"
"CSF2",3,"up","CSF2","Csf2"
"DKK1",3,"up","DKK1","Dkk1"
"EREG",3,NA,"EREG","Ereg"
"MMP13",3,"up","MMP13","Mmp13"
"MMP2",3,"up","MMP2","Mmp2"
"PAPPA",3,"up","PAPPA","Pappa"
"PECAM1",3,"down","PECAM1","Pecam1"
"WNT16",3,"up","WNT16","Wnt16"
"SHC1",3,"up","SHC1","Shc1"
"TXN",3,"down","TXN","Txn1"
"STAT5B",3,"up","STAT5B","Stat5b"
"STAT5A",3,"up","STAT5A","Stat5a"
"NBN",3,"down","NBN","Nbn"
"PDGFB",3,"up","PDGFB","Pdgfb"
"HIF1A",3,"down","HIF1A","Hif1a"
"NFKB1",3,"up","NFKB1","Nfkb1"
"TOP1",3,"up","TOP1","Top1"
"UBE2I",3,"down","UBE2I","Ube2i"
"TERF2",3,"down","TERF2","Terf2"
"FOXO3",3,"down","FOXO3","Foxo3"
"HSF1",3,"down","HSF1","Hsf1"
"HSPA9",3,"up","HSPA9","Hspa9"
"HSPA1A",3,"down","HSPA1A","Hspa1a"
"PTK2",3,"down","PTK2","Ptk2"
"SP1",3,"up","SP1","Sp1"
"MAPK3",3,"up","MAPK3","Mapk3"
"MAP3K5",3,"up","MAP3K5","Map3k5"
"FOXO4",3,"up","FOXO4","Foxo4"
"HBP1",3,"up","HBP1","Hbp1"
"PTGS2",3,"up","PTGS2","Ptgs2"
"TFDP1",3,"down","TFDP1","Tfdp1"
"HDAC2",3,"down","HDAC2","Hdac2"
"MXD1",3,"up","MXD1","Mxd1"
"JAK2",3,"up","JAK2","Jak2"
"NFKBIA",3,"down","NFKBIA","Nfkbia"
"CLU",3,"down","CLU","Clu"
"ATR",3,"up","ATR","Atr"
"ZMPSTE24",3,"down","ZMPSTE24","Zmpste24"
"TP63",3,"up","TP63","Trp63"
"PPM1D",3,"down","PPM1D","Ppm1d"
"PPARGC1A",3,"down","PPARGC1A","Ppargc1a"
"SIRT7",3,"down","SIRT7","Sirt7"
"TP53BP1",3,"up","TP53BP1","Trp53bp1"
"NFE2L2",3,"down","NFE2L2","Nfe2l2"
"PIK3CA",3,NA,"PIK3CA","Pik3ca"
"FGF21",3,"up","FGF21","Fgf21"
"TBX2",3,"down","TBX2","Tbx2"
"MAP2K6",3,"down","MAP2K6","Map2k6"
"MAP2K3",3,"up","MAP2K3","Map2k3"
"MAPK1",3,"up","MAPK1","Mapk1"
"ID1",3,"down","ID1","Id1"
"POT1",3,"down","POT1","Pot1b"
"KDM6B",3,"up","KDM6B","Kdm6b"
"PLA2R1",3,"up","PLA2R1","Pla2r1"
"CDKN1B",3,"up","CDKN1B","Cdkn1b"
"CDK6",3,"down","CDK6","Cdk6"
"CAV1",3,"up","CAV1","Cav1"
"KDM2B",3,"down","KDM2B","Kdm2b"
"YPEL3",3,"up","YPEL3","Ypel3"
"TBX3",3,"down","TBX3","Tbx3"
"TAGLN",3,"up","TAGLN","Tagln"
"STAT6",3,"up","STAT6","Stat6"
"BRAF",3,"up","BRAF","Braf"
"SREBF1",3,"up","SREBF1","Srebf1"
"CPEB1",3,"up","CPEB1","Cpeb1"
"BCL2L1",3,"up","BCL2L1","Bcl2l1"
"RBL2",3,"up","RBL2","Rbl2"
"RAN",3,"down","RAN","Ran"
"RAF1",3,"up","RAF1","Raf1"
"CDKN2AIP",3,"up","CDKN2AIP","Cdkn2aip"
"NOX4",3,"up","NOX4","Nox4"
"PEBP1",3,"up","PEBP1","Pebp1"
"YBX1",3,"down","YBX1","Ybx1"
"NINJ1",3,"up","NINJ1","Ninj1"
"MMP7",3,"down","MMP7","Mmp7"
"SMAD3",3,"up","SMAD3","Smad3"
"IRF7",3,"up","IRF7","Irf7"
"IRF5",3,"up","IRF5","Irf5"
"ING1",3,"up","ING1","Ing1"
"IFNG",3,"up","IFNG","Ifng"
"HSPA5",3,"down","HSPA5","Hspa5"
"AGO2",3,"down","AGO2","Ago2"
"EHF",3,"up","EHF","Ehf"
"FGFR2",3,"up","FGFR2","Fgfr2"
"AGT",3,"up","AGT","Agt"
"GADD45G",3,"up","GADD45G","Gadd45g"
"TMEM159",2,"up","TMEM159",NA
"PLD1",2,"up","PLD1","Pld1"
"FAM234B",2,"up","FAM234B","Fam234b"
"DHRS7",2,"up","DHRS7","Dhrs7"
"SRPX2",2,"up","SRPX2","Srpx2"
"PDLIM1",2,"up","PDLIM1","Pdlim1"
"CCND3",2,"down","CCND3","Ccnd3"
"TMEM59",2,"up","TMEM59","Tmem59"
"SARAF",2,"up","SARAF","Saraf"
"ARRDC4",2,"up","ARRDC4","Arrdc4"
"CLSTN2",2,"up","CLSTN2","Clstn2"
"NCSTN",2,"up","NCSTN","Ncstn"
"BLCAP",2,"up","BLCAP","Blcap"
"TAP1",2,"up","TAP1","Tap1"
"SAMD9L",2,"up","SAMD9L","Samd9l"
"POFUT2",2,"up","POFUT2","Pofut2"
"KIAA1671",2,"up","KIAA1671","2900026A02Rik"
"LRP10",2,"up","LRP10","Lrp10"
"DIO2",2,"up","DIO2","Dio2"
"PTCHD4",2,"up","PTCHD4","Ptchd4"
"MCUB",2,"down","MCUB","Mcub"
"FBL",2,"down","FBL","Fbl"
"HIST1H1A",2,"down","HIST1H1A",NA
"FAM129A",2,"down","FAM129A",NA
"SSRP1",2,"down","SSRP1","Ssrp1"
"TMSB15A",2,"down","TMSB15A","Tmsb15b2"
"PTMA",2,"down","PTMA","Ptma"
"SERPINE2",2,NA,"SERPINE2","Serpine2"
"IGF2",2,NA,"IGF2","Igf2"
"PIK3IP1",2,"up","PIK3IP1","Pik3ip1"
"HIST1H2BK",2,"up","HIST1H2BK",NA
"IFI6",2,"up","IFI6",NA
"PINK1",2,NA,"PINK1","Pink1"
"HIST1H4H",2,"up","HIST1H4H",NA
"HIST1H2AC",2,"up","HIST1H2AC",NA
"SAT1",2,"up","SAT1","Sat1"
"SPARC",2,"up","SPARC","Sparc"
"FAM214A",2,"up","FAM214A",NA
"HIST1H2BC",2,"up","HIST1H2BC",NA
"HIST2H2BE",2,"up","HIST2H2BE",NA
"MX1",2,"up","MX1","Mx1"
"TRIM22",2,"up","TRIM22",NA
"NUAK1",2,"up","NUAK1","Nuak1"
"APLP1",2,"up","APLP1","Aplp1"
"GLRX",2,"down","GLRX","Glrx"
"GPNMB",2,"up","GPNMB","Gpnmb"
"CITED2",2,"down","CITED2","Cited2"
"PSG1",2,"up","PSG1","Ceacam1"
"MAP3K7CL",2,"up","MAP3K7CL","Map3k7cl"
"HIST1H2BD",2,"up","HIST1H2BD",NA
"SLC17A5",2,"up","SLC17A5","Slc17a5"
"HSPB8",2,"up","HSPB8","Hspb8"
"SCD5",2,"up","SCD5",NA
"ASAH1",2,NA,"ASAH1","Asah1"
"LRP1",2,"up","LRP1","Lrp1"
"TSPAN13",2,"up","TSPAN13","Tspan13"
"FBXO32",2,"up","FBXO32","Fbxo32"
"ENC1",2,"up","ENC1","Enc1"
"TMEM9B",2,"up","TMEM9B","Tmem9b"
"ATP2B4",2,"up","ATP2B4","Atp2b4"
"IGF2R",2,"up","IGF2R","Igf2r"
"PPP1R3C",2,"up","PPP1R3C","Ppp1r3c"
"CREG1",2,"up","CREG1","Creg1"
"DKK3",2,"up","DKK3","Dkk3"
"CLIP3",2,"up","CLIP3","Clip3"
"DUSP3",2,NA,"DUSP3","Dusp3"
"PRNP",2,"up","PRNP","Prnp"
"ADAMTS5",2,"up","ADAMTS5","Adamts5"
"OPTN",2,"up","OPTN","Optn"
"ISG15",2,"up","ISG15","Isg15"
"SLC25A20",2,"up","SLC25A20","Slc25a20"
"MXI1",2,"up","MXI1","Mxi1"
"LAMC1",2,"up","LAMC1","Lamc1"
"SPATA18",2,"up","SPATA18","Spata18"
"PLOD1",2,"up","PLOD1","Plod1"
"ATP6V0C",2,NA,"ATP6V0C","Atp6v0c"
"MANBA",2,"up","MANBA","Manba"
"LOXL2",2,NA,"LOXL2","Loxl2"
"AKR1B1",2,NA,"AKR1B1","Akr1b1"
"GADD45A",2,"up","GADD45A","Gadd45a"
"CRYAB",2,"up","CRYAB","Cryab"
"TNFRSF10D",2,"up","TNFRSF10D","Tnfrsf10b"
"TIGAR",2,"up","TIGAR","Tigar"
"CBX7",2,NA,"CBX7","Cbx7"
"PEA15",2,"up","PEA15","Pea15a"
"SEMA3C",2,"up","SEMA3C","Sema3c"
"CMYA5",2,"up","CMYA5","Cmya5"
"GBA",2,"up","GBA",NA
"SYT1",2,NA,"SYT1","Syt1"
"KLHL24",2,"up","KLHL24","Klhl24"
"CPA4",2,"up","CPA4","Cpa4"
"ANGPT1",2,"up","ANGPT1","Angpt1"
"FOLR3",2,"up","FOLR3","Folr2"
"FLNC",2,"up","FLNC","Flnc"
"UBR3",2,"up","UBR3","Ubr3"
"PAPSS2",2,NA,"PAPSS2","Papss2"
"CCND2",2,"up","CCND2","Ccnd2"
"TGM2",2,"up","TGM2","Tgm2"
"SOX4",2,NA,"SOX4","Sox4"
"FNDC3B",2,"up","FNDC3B","Fndc3b"
"MYOZ2",2,"up","MYOZ2","Myoz2"
"LMCD1",2,"up","LMCD1","Lmcd1"
"GM2A",2,"up","GM2A","Gm2a"
"HIST1H2BE",2,"up","HIST1H2BE",NA
"CTGF",2,"up","CTGF",NA
"TNFRSF10B",2,"up","TNFRSF10B","Tnfrsf10b"
"TPM2",2,"up","TPM2","Tpm2"
"SLC25A4",2,"up","SLC25A4","Slc25a4"
"MYLK",2,NA,"MYLK","Mylk"
"LOX",2,NA,"LOX","Lox"
"RAB40B",2,"up","RAB40B","Rab40b"
"TPM1",2,"up","TPM1","Tpm1"
"EPAS1",2,NA,"EPAS1","Epas1"
"SLC16A3",2,"up","SLC16A3","Slc16a3"
"ULBP2",2,"up","ULBP2","Ulbp1"
"SULF2",2,"up","SULF2","Sulf2"
"AMPD3",2,"up","AMPD3","Ampd3"
"UCHL1",2,"up","UCHL1","Uchl1"
"HTRA1",2,"up","HTRA1","Htra1"
"APOL2",2,"up","APOL2",NA
"TBC1D9",2,"up","TBC1D9","Tbc1d9"
"PODXL",2,"down","PODXL","Podxl"
"CYB561A3",2,"up","CYB561A3","Cyb561a3"
"ABCA3",2,"up","ABCA3","Abca3"
"TXNIP",2,"up","TXNIP","Txnip"
"PBK",2,"down","PBK","Pbk"
"EXO1",2,"down","EXO1","Exo1"
"NUF2",2,"down","NUF2","Nuf2"
"NUSAP1",2,"down","NUSAP1","Nusap1"
"SKA3",2,"down","SKA3","Ska3"
"TK1",2,"down","TK1","Tk1"
"MELK",2,"down","MELK","Melk"
"DTL",2,"down","DTL","Dtl"
"MCM3",2,"down","MCM3","Mcm3"
"TRIP13",2,"down","TRIP13","Trip13"
"CENPU",2,"down","CENPU","Cenpu"
"ZWINT",2,"down","ZWINT","Zwint"
"KIF23",2,"down","KIF23","Kif23"
"PAICS",2,"down","PAICS","Paics"
"MKI67",2,"down","MKI67","Mki67"
"H2AFZ",2,"down","H2AFZ",NA
"CENPF",2,"down","CENPF","Cenpf"
"DLGAP5",2,"down","DLGAP5","Dlgap5"
"LMNB2",2,"down","LMNB2","Lmnb2"
"CENPM",2,"down","CENPM","Cenpm"
"OLFML3",2,"up","OLFML3","Olfml3"
"FANCI",2,"down","FANCI","Fanci"
"KPNA2",2,"down","KPNA2","Kpna2"
"NCAPH",2,"down","NCAPH","Ncaph"
"FEN1",2,"down","FEN1","Fen1"
"CENPK",2,"down","CENPK","Cenpk"
"SPAG5",2,"down","SPAG5","Spag5"
"NDC80",2,"down","NDC80","Ndc80"
"CDKN3",2,"down","CDKN3","Cdkn3"
"CDC20",2,"down","CDC20","Cdc20"
"PRC1",2,"down","PRC1","Prc1"
"NCAPG",2,"down","NCAPG","Ncapg"
"HNRNPA3",2,"down","HNRNPA3","Hnrnpa3"
"RPL22L1",2,"down","RPL22L1","Rpl22l1"
"DEPDC1",2,"down","DEPDC1","Depdc1a"
"CEP55",2,"down","CEP55","Cep55"
"SMC4",2,"down","SMC4","Smc4"
"CDC6",2,NA,"CDC6","Cdc6"
"GMPS",2,"down","GMPS","Gmps"
"TMPO",2,"down","TMPO","Tmpo"
"MTHFD2",2,"down","MTHFD2","Mthfd2"
"SHCBP1",2,"down","SHCBP1","Shcbp1"
"ERCC6L",2,"down","ERCC6L","Ercc6l"
"GINS2",2,"down","GINS2","Gins2"
"GPSM2",2,"down","GPSM2","Gpsm2"
"SKA1",2,"down","SKA1","Ska1"
"RAD51AP1",2,"down","RAD51AP1","Rad51ap1"
"TROAP",2,"down","TROAP","Troap"
"POLA1",2,"down","POLA1","Pola1"
"RFC4",2,"down","RFC4","Rfc4"
"PRR11",2,"down","PRR11","Prr11"
"LYAR",2,"down","LYAR","Lyar"
"PIMREG",2,"down","PIMREG","Pimreg"
"HMMR",2,"down","HMMR","Hmmr"
"UBE2T",2,"down","UBE2T","Ube2t"
"ECT2",2,"down","ECT2","Ect2"
"CCNB2",2,"down","CCNB2","Ccnb2"
"PSRC1",2,"down","PSRC1","Psrc1"
"CLSPN",2,"down","CLSPN","Clspn"
"NDC1",2,"down","NDC1","Ndc1"
"POC1A",2,"down","POC1A","Poc1a"
"CENPE",2,"down","CENPE","Cenpe"
"CDKN2C",2,"down","CDKN2C","Cdkn2c"
"MCM10",2,"down","MCM10","Mcm10"
"FANCE",2,"down","FANCE","Fance"
"CDCA3",2,"down","CDCA3","Cdca3"
"RFC3",2,"down","RFC3","Rfc3"
"SCARA3",2,"up","SCARA3","Scara3"
"HNRNPR",2,"down","HNRNPR","Hnrnpr"
"MND1",2,"down","MND1","Mnd1"
"ASPM",2,"down","ASPM","Aspm"
"HNRNPAB",2,"down","HNRNPAB","Hnrnpab"
"CKS2",2,"down","CKS2","Cks2"
"HAUS8",2,"down","HAUS8","Haus8"
"FAM83D",2,"down","FAM83D","Fam83d"
"CDCA8",2,"down","CDCA8","Cdca8"
"MCM7",2,"down","MCM7","Mcm7"
"CKS1B",2,"down","CKS1B","Cks1b"
"HIST1H4C",2,"down","HIST1H4C",NA
"KIF4A",2,"down","KIF4A","Kif4"
"BRIP1",2,"down","BRIP1","Brip1"
"CDCA5",2,"down","CDCA5","Cdca5"
"KIF15",2,"down","KIF15","Kif15"
"CENPW",2,"down","CENPW","Cenpw"
"BORA",2,"down","BORA","Bora"
"G2E3",2,"down","G2E3","G2e3"
"NPM1",2,"down","NPM1","Npm1"
"CKAP2",2,"down","CKAP2","Ckap2"
"PPIH",2,"down","PPIH","Ppihl"
"KIF20B",2,"down","KIF20B","Kif20b"
"SOCS2",2,"down","SOCS2","Socs2"
"RBBP7",2,"down","RBBP7","Rbbp7"
"STMN1",2,"down","STMN1","Stmn1"
"CBX5",2,"down","CBX5","Cbx5"
"C1QBP",2,"down","C1QBP","C1qbp"
"SPC25",2,"down","SPC25","Spc25"
"SMC2",2,"down","SMC2","Smc2"
"EBNA1BP2",2,"down","EBNA1BP2","Ebna1bp2"
"PKMYT1",2,"down","PKMYT1","Pkmyt1"
"LDB2",2,"down","LDB2","Ldb2"
"PRPF38A",2,"down","PRPF38A","Prpf38a"
"BARD1",2,"down","BARD1","Bard1"
"DEPDC1B",2,"down","DEPDC1B","Depdc1b"
"MCM2",2,"down","MCM2","Mcm2"
"CKAP2L",2,"down","CKAP2L","Ckap2l"
"CDC25C",2,"down","CDC25C","Cdc25c"
"RAD21",2,"down","RAD21","Rad21"
"CENPN",2,"down","CENPN","Cenpn"
"MTHFD1",2,"down","MTHFD1","Mthfd1"
"RBPMS2",2,"up","RBPMS2","Rbpms2"
"DDIAS",2,"down","DDIAS","Ddias"
"DPYSL3",2,"down","DPYSL3","Dpysl3"
"COLEC12",2,"up","COLEC12","Colec12"
"YEATS4",2,"down","YEATS4","Yeats4"
"STIL",2,"down","STIL","Stil"
"MIS18A",2,"down","MIS18A","Mis18a"
"ARHGAP11A",2,"down","ARHGAP11A","Arhgap11a"
"GINS4",2,"down","GINS4","Gins4"
"INSIG1",2,"up","INSIG1","Insig1"
"OIP5",2,"down","OIP5","Oip5"
"GGCT",2,"down","GGCT","Ggct"
"SCD",2,"down","SCD","Scd2"
"CDCA4",2,"down","CDCA4","Cdca4"
"HIST1H3J",2,"down","HIST1H3J",NA
"POLD1",2,"down","POLD1","Pold1"
"MDK",2,"down","MDK","Mdk"
"MATN2",2,"up","MATN2","Matn2"
"KDM1A",2,"down","KDM1A","Kdm1a"
"ENO1",2,"down","ENO1","Eno1b"
"PLK4",2,"down","PLK4","Plk4"
"TRIM28",2,NA,"TRIM28","Trim28"
"KIF18A",2,"down","KIF18A","Kif18a"
"CIP2A",2,"down","CIP2A","Cip2a"
"CDCA7L",2,"down","CDCA7L","Cdca7l"
"PARPBP",2,"down","PARPBP","Parpbp"
"GAS2L3",2,"down","GAS2L3","Gas2l3"
"SGO1",2,"down","SGO1","Sgo1"
"CEP128",2,"down","CEP128","Cep128"
"POLQ",2,"down","POLQ","Polq"
"CENPH",2,"down","CENPH","Cenph"
"KIF22",2,"down","KIF22","Kif22"
"APOBEC3B",2,"down","APOBEC3B","Apobec3"
"CENPI",2,"down","CENPI","Cenpi"
"ESCO2",2,"down","ESCO2","Esco2"
"MBOAT1",2,"down","MBOAT1","Mboat1"
"RMI2",2,"down","RMI2","Rmi2"
"PHB2",2,"down","PHB2","Phb2"
"CNTRL",2,"down","CNTRL","Cntrl"
"DSCC1",2,"down","DSCC1","Dscc1"
"NEIL3",2,"down","NEIL3","Neil3"
"KIF18B",2,"down","KIF18B","Kif18b"
"KIF14",2,"down","KIF14","Kif14"
"SELENBP1",2,NA,"SELENBP1","Selenbp1"
"COL5A3",2,"down","COL5A3","Col5a3"
"NUP35",2,"down","NUP35","Nup35"
"BAZ1A",2,"down","BAZ1A","Baz1a"
"DDX11",2,"down","DDX11","Ddx11"
"HTRA3",2,"up","HTRA3","Htra3"
"KNSTRN",2,"down","KNSTRN","Knstrn"
"TIMELESS",2,"down","TIMELESS","Timeless"
"RBP1",2,NA,"RBP1","Rbp1"
"MRTO4",2,"down","MRTO4",NA
"KITLG",2,"down","KITLG","Kitl"
"SLC25A5",2,"down","SLC25A5","Slc25a5"
"ORC6",2,"down","ORC6","Orc6"
"E2F2",2,"down","E2F2","E2f2"
"DOCK11",2,"down","DOCK11","Dock11"
"TRAP1",2,"down","TRAP1","Trap1"
"RUVBL1",2,"down","RUVBL1","Ruvbl1"
"SLC1A3",2,"down","SLC1A3","Slc1a3"
"CDK5RAP2",2,"down","CDK5RAP2","Cdk5rap2"
"PRMT6",2,"down","PRMT6","Prmt6"
"HIST1H2AJ",2,"down","HIST1H2AJ",NA
"CCT5",2,"down","CCT5","Cct5"
"EMILIN1",2,"down","EMILIN1","Emilin1"
"BUB3",2,"down","BUB3","Bub3"
"ENPP2",2,"up","ENPP2","Enpp2"
"NCAPD2",2,"down","NCAPD2","Ncapd2"
"HIST1H3I",2,"down","HIST1H3I",NA
"NEURL1B",2,"down","NEURL1B","Neurl1b"
"MT1E",2,"down","MT1E","Mt1"
"FANCA",2,"down","FANCA","Fanca"
"CCDC58",2,"down","CCDC58",NA
"MTFR2",2,"down","MTFR2","Mtfr2"
"PTX3",2,"up","PTX3","Ptx3"
"HAS2",2,"down","HAS2","Has2"
"CGAS",2,"up","CGAS","Cgas"
"RPL5",2,"down","RPL5","Rpl5"
"HAUS4",2,"down","HAUS4","Haus4"
"SPHK1",2,"down","SPHK1","Sphk1"
"SFRP1",2,NA,"SFRP1","Sfrp1"
"HSPA2",2,"down","HSPA2","Hspa2"
"HNRNPC",2,NA,"HNRNPC","Hnrnpc"
"PHC1",2,"down","PHC1","Phc1"
"DNA2",2,"down","DNA2","Dna2"
"OLFML2A",2,"up","OLFML2A","Olfml2a"
"ANG",2,NA,"ANG","Ang3"
"BMP6",2,NA,"BMP6","Bmp6"
"CCL1",2,NA,"CCL1","Ccl1"
"CCL13",2,NA,"CCL13","Ccl2"
"CCL26",2,NA,"CCL26","Ccl26"
"CCL4",2,"up","CCL4","Ccl4"
"CCL8",2,"up","CCL8","Ccl8"
"CD55",2,NA,"CD55","Cd55b"
"CD9",2,NA,"CD9","Cd9"
"CSF2RB",2,NA,"CSF2RB","Csf2rb2"
"CXCL16",2,"up","CXCL16","Cxcl16"
"EGF",2,NA,"EGF","Egf"
"ESM1",2,"up","ESM1","Esm1"
"FGF7",2,NA,"FGF7","Fgf7"
"GMFG",2,NA,"GMFG","Gmfg"
"HGF",2,NA,"HGF","Hgf"
"ICAM3",2,NA,"ICAM3",NA
"IL13",2,NA,"IL13","Il13"
"IL18",2,"up","IL18","Il18"
"IL2",2,NA,"IL2","Il2"
"IL6ST",2,NA,"IL6ST","Il6st"
"INHA",2,NA,"INHA","Inha"
"ITPKA",2,NA,"ITPKA","Itpka"
"MMP14",2,NA,"MMP14","Mmp14"
"NRG1",2,NA,"NRG1","Nrg1"
"PGF",2,"down","PGF","Pgf"
"PIGF",2,NA,"PIGF","Pigf"
"PTGER2",2,"down","PTGER2","Ptger2"
"PTGES",2,NA,"PTGES","Ptges"
"RPS6KA5",2,NA,"RPS6KA5","Rps6ka5"
"TNFRSF1A",2,NA,"TNFRSF1A","Tnfrsf1a"
"VEGFC",2,NA,"VEGFC","Vegfc"
"IGF1R",2,NA,"IGF1R","Igf1r"
"NFKB2",2,"down","NFKB2","Nfkb2"
"HDAC3",2,"down","HDAC3","Hdac3"
"NGF",2,NA,"NGF","Ngf"
"IRS1",2,NA,"IRS1","Irs1"
"PTPN1",2,NA,"PTPN1","Ptpn1"
"PDGFRB",2,"down","PDGFRB","Pdgfrb"
"EPOR",2,"down","EPOR","Epor"
"PPARA",2,"down","PPARA","Ppara"
"UBB",2,NA,"UBB","Ubb"
"HSP90AA1",2,"down","HSP90AA1","Hsp90aa1"
"BRCA2",2,"down","BRCA2","Brca2"
"PDPK1",2,"up","PDPK1","Pdpk1"
"CEBPA",2,"up","CEBPA","Cebpa"
"STK11",2,"up","STK11","Stk11"
"EP300",2,"up","EP300","Ep300"
"TERF1",2,NA,"TERF1","Terf1"
"AR",2,"up","AR","Ar"
"XRCC5",2,"down","XRCC5","Xrcc5"
"XRCC6",2,"down","XRCC6","Xrcc6"
"BAX",2,"up","BAX","Bax"
"SOD1",2,"down","SOD1","Sod1"
"A2M",2,"up","A2M","A2m"
"PON1",2,"down","PON1","Pon1"
"RGN",2,"down","RGN","Rgn"
"ERCC1",2,"down","ERCC1","Ercc1"
"HSPD1",2,"down","HSPD1","Hspd1"
"MAPK8",2,NA,"MAPK8","Mapk8"
"YWHAZ",2,"down","YWHAZ","Ywhaz"
"FGFR1",2,"up","FGFR1","Fgfr1"
"FLT1",2,"down","FLT1","Flt1"
"EEF1A1",2,NA,"EEF1A1","Eef1a1"
"TFAP2A",2,"up","TFAP2A","Tfap2a"
"DDIT3",2,"up","DDIT3","Ddit3"
"SUMO1",2,"up","SUMO1","Sumo1"
"ESR1",2,"down","ESR1","Esr1"
"LEP",2,"up","LEP","Lep"
"LEPR",2,"up","LEPR","Lepr"
"ELN",2,NA,"ELN","Eln"
"GCLM",2,"down","GCLM","Gclm"
"STUB1",2,"down","STUB1","Stub1"
"CHEK2",2,"up","CHEK2","Chek2"
"CDC42",2,NA,"CDC42","Cdc42"
"ARNTL",2,NA,"ARNTL",NA
"AGTR1",2,"up","AGTR1","Agtr1b"
"SUN1",2,NA,"SUN1","Sun1"
"BAK1",2,"up","BAK1","Bak1"
"TP73",2,NA,"TP73","Trp73"
"GSK3A",2,"down","GSK3A","Gsk3a"
"SQSTM1",2,"up","SQSTM1","Sqstm1"
"CCNE1",2,"up","CCNE1","Ccne1"
"MAPKAPK5",2,"up","MAPKAPK5","Mapkapk5"
"SRF",2,"down","SRF","Srf"
"OPA1",2,"down","OPA1","Opa1"
"E2F3",2,"down","E2F3","E2f3"
"CDKN2D",2,"up","CDKN2D","Cdkn2d"
"RBX1",2,"down","RBX1","Rbx1-ps"
"CD44",2,"up","CD44","Cd44"
"SLC16A7",2,"down","SLC16A7","Slc16a7"
"MCM3AP",2,"down","MCM3AP","Mcm3ap"
"TNFSF13",2,"down","TNFSF13","Tnfsf13"
"PNPT1",2,"up","PNPT1","Pnpt1"
"DPY30",2,"down","DPY30","Dpy30"
"CALR",2,"down","CALR","Calr"
"KAT6A",2,"down","KAT6A","Kat6a"
"ZNF148",2,"down","ZNF148","Zfp148"
"YY1",2,"down","YY1","Yy1"
"NR1H2",2,"down","NR1H2","Nr1h2"
"UBE3A",2,"down","UBE3A","Ube3a"
"HIRA",2,"up","HIRA","Hira"
"SOX5",2,"up","SOX5","Sox5"
"SNAI1",2,"down","SNAI1","Snai1"
"SMARCB1",2,"up","SMARCB1","Smarcb1"
"SMARCA2",2,"down","SMARCA2","Smarca2"
"SLC13A3",2,"up","SLC13A3","Slc13a3"
"ANAPC1",2,"down","ANAPC1","Anapc1"
"SRSF1",2,"up","SRSF1","Srsf1"
"S100A6",2,"down","S100A6","S100a6"
"RBP2",2,"down","RBP2","Rbp2"
"RBBP4",2,"down","RBBP4","Rbbp4"
"EP400",2,"down","EP400","Ep400"
"CBX8",2,"down","CBX8","Cbx8"
"PSMB5",2,"down","PSMB5","Psmb5"
"PROX1",2,"up","PROX1","Prox1"
"MAP2K7",2,"up","MAP2K7","Map2k7"
"MAP2K1",2,"up","MAP2K1","Map2k1"
"MAPK11",2,"up","MAPK11","Mapk11"
"ATF7IP",2,"down","ATF7IP","Atf7ip"
"MFN1",2,"up","MFN1","Mfn1"
"PRKAA2",2,"down","PRKAA2","Prkaa2"
"RBM38",2,"up","RBM38","Rbm38"
"PBRM1",2,"up","PBRM1","Pbrm1"
"ERRFI1",2,"up","ERRFI1","Errfi1"
"PHB",2,"up","PHB",NA
"PGR",2,"up","PGR","Pgr"
"FIS1",2,"down","FIS1","Fis1"
"MINK1",2,"up","MINK1","Mink1"
"MSN",2,"down","MSN","Msn"
"MECP2",2,"down","MECP2","Mecp2"
"MCL1",2,"down","MCL1","Mcl1"
"MAGEA2",2,"down","MAGEA2","Magea5"
"SMAD6",2,"down","SMAD6","Smad6"
"SMAD5",2,"up","SMAD5","Smad5"
"SMAD2",2,"down","SMAD2","Smad2"
"SMAD1",2,"up","SMAD1","Smad1"
"MIR34A",2,"up","MIR34A","Mir34a"
"MIR22",2,"up","MIR22","Mir22"
"MIR146A",2,"down","MIR146A","Mir146"
"RHOA",2,"down","RHOA","Rhoa"
"KRAS",2,"up","KRAS","Kras"
"KCNJ12",2,"down","KCNJ12","Kcnj12"
"ITGB4",2,"up","ITGB4","Itgb4"
"IRF3",2,"up","IRF3","Irf3"
"IDO1",2,"down","IDO1","Ido1"
"IL4",2,"up","IL4","Il4"
"IFI16",2,"up","IFI16","Ifi208"
"HSPB1",2,"down","HSPB1","Hspb1"
"FOXA1",2,"up","FOXA1","Foxa1"
"ANXA5",2,"down","ANXA5","Anxa5"
"H3F3B",2,"down","H3F3B",NA
"SENP1",2,"down","SENP1","Senp1"
"BRD7",2,"up","BRD7","Brd7"
"GNAO1",2,"up","GNAO1","Gnao1"
"RPS6KA6",2,"up","RPS6KA6","Rps6ka6"
"B3GAT1",2,"up","B3GAT1","B3gat1"
"GJA1",2,"up","GJA1","Gja1"
"ULK3",2,"up","ULK3","Ulk3"
"GAPDH",2,"down","GAPDH","Gapdhrt2"
"ABI3BP",2,"up","ABI3BP","Abi3bp"
"ASF1A",2,"up","ASF1A","Asf1a"
"G6PD",2,"down","G6PD","G6pd2"
"ACKR1",2,"up","ACKR1","Ackr1"
"CNOT6L",2,"down","CNOT6L","Cnot6l"
"MORC3",2,"up","MORC3","Morc3"
"SUZ12",2,"down","SUZ12","Suz12"
"NPTXR",2,"up","NPTXR","Nptxr"
"PPP1R13B",2,"down","PPP1R13B","Ppp1r13b"
"HEPACAM",2,"up","HEPACAM","Hepacam"
"ENG",2,"up","ENG","Eng"
"ABCA1",2,"up","ABCA1","Abca1"
"DNMT3A",2,"down","DNMT3A","Dnmt3a"
"CSNK2A1",2,"down","CSNK2A1","Csnk2a1"
"E2F7",2,"up","E2F7","E2f7"
"JDP2",2,"up","JDP2","Jdp2"
"CKB",2,"up","CKB","Ckb"
"RASSF1",2,"up","RASSF1","Rassf1"
"BTG3",2,"down","BTG3","Btg3"
"EHMT2",2,"down","EHMT2","Ehmt2"
"NEK6",2,"down","NEK6","Nek6"
"ZMYND11",2,"down","ZMYND11","Zmynd11"
"AGR2",2,"down","AGR2","Agr2"
"CEBPG",2,"down","CEBPG","Cebpg"
"HYOU1",2,"down","HYOU1","Hyou1"
"TADA3",2,"down","TADA3","Tada3"
"MCRS1",2,"up","MCRS1","Mcrs1"
"PSMD14",2,"down","PSMD14","Psmd14"
"NAMPT",2,"down","NAMPT","Nampt"
"DNM1L",2,"down","DNM1L","Dnm1l"
"ALDH2",2,"up","ALDH2","Aldh2"
"ALOX15B",2,"up","ALOX15B","Alox8"
"ARG2",2,"up","ARG2","Arg2"
"ATF6",2,"up","ATF6","Atf6"
"BCL3",2,"down","BCL3","Bcl3"
"BCL6",2,"up","BCL6","Bcl6"
"BHLHE40",2,"up","BHLHE40","Bhlhe40"
"BMP4",2,"up","BMP4","Bmp4"
"BRD4",2,"down","BRD4","Brd4"
"CDC25A",2,"down","CDC25A","Cdc25a"
"CPT1C",2,"up","CPT1C","Cpt1c"
"CYBB",2,"up","CYBB","Cybb"
"DHCR24",2,"up","DHCR24","Dhcr24"
"DICER1",2,"down","DICER1","Dicer1"
"DNMT3B",2,"down","DNMT3B","Dnmt3b"
"EGR2",2,"up","EGR2","Egr2"
"ELAVL1",2,"down","ELAVL1","Elavl1"
"FGFR3",2,"up","FGFR3","Fgfr3"
"FSCN1",2,"down","FSCN1","Fscn1"
"GATA4",2,"up","GATA4","Gata4"
"GNG11",2,"down","GNG11","Gng11"
"HDAC4",2,"down","HDAC4","Hdac4"
"IL1RN",2,"up","IL1RN","Il1rn"
"INCENP",2,"down","INCENP","Incenp"
"IRF1",2,"up","IRF1","Irf1"
"ITGB3",2,"up","ITGB3","Itgb3"
"ITPR1",2,"up","ITPR1","Itpr1"
"JUNB",2,"up","JUNB","Junb"
"KDR",2,"down","KDR","Kdr"
"KEAP1",2,"up","KEAP1","Keap1"
"KLF4",2,"down","KLF4","Klf4"
"LAMP2",2,"down","LAMP2","Lamp2"
"LIMA1",2,"down","LIMA1","Lima1"
"LIMK1",2,"up","LIMK1","Limk1"
"LIN9",2,"down","LIN9","Lin9"
"LPAR1",2,"down","LPAR1","Lpar1"
"MAP2K2",2,"up","MAP2K2","Map2k2"
"MAP3K14",2,"down","MAP3K14","Map3k14"
"MAP3K6",2,"up","MAP3K6","Map3k6"
"MAP4K1",2,"down","MAP4K1","Map4k1"
"MAPK12",2,"up","MAPK12","Mapk12"
"MARCKS",2,"down","MARCKS","Marcks"
"MDC1",2,"down","MDC1","Mdc1"
"MVK",2,"up","MVK","Mvk"
"MVP",2,"up","MVP","Mvp"
"NANOG",2,"down","NANOG","Nanog"
"NOX1",2,"up","NOX1","Nox1"
"NQO1",2,"down","NQO1","Nqo1"
"OGG1",2,"down","OGG1","Ogg1"
"POU5F1",2,"down","POU5F1","Pou5f1"
"PRKN",2,"up","PRKN","Prkn"
"PRMT1",2,"down","PRMT1","Prmt1"
"PRODH",2,"up","PRODH","Prodh"
"RASSF5",2,"up","RASSF5","Rassf5"
"RNASEL",2,"up","RNASEL","Rnasel"
"RPS6KB1",2,"up","RPS6KB1","Rps6kb1"
"RUNX1",2,"up","RUNX1","Runx1"
"RUVBL2",2,"down","RUVBL2","Ruvbl2"
"SDC1",2,"up","SDC1","Sdc1"
"SENP7",2,"down","SENP7","Senp7"
"SIN3B",2,"up","SIN3B","Sin3b"
"SIRT2",2,"down","SIRT2","Sirt2"
"SIX1",2,"down","SIX1","Six1"
"SMARCD1",2,"down","SMARCD1","Smarcd1"
"SOCS1",2,"up","SOCS1","Socs1"
"SOX2",2,"down","SOX2","Sox2"
"SRC",2,"down","SRC","Src"
"SUMO2",2,"up","SUMO2","Sumo2"
"SUV39H1",2,"down","SUV39H1","Suv39h1"
"SYT7",2,"down","SYT7","Syt7"
"TGFBI",2,"up","TGFBI","Tgfbi"
"TGFBR1",2,"up","TGFBR1","Tgfbr1"
"THRB",2,"up","THRB","Thrb"
"TLR2",2,"up","TLR2","Tlr2"
"TLR4",2,"up","TLR4","Tlr4"
"TNFSF15",2,"up","TNFSF15","Tnfsf15"
"TRDMT1",2,"down","TRDMT1","Trdmt1"
"TRPM8",2,"up","TRPM8","Trpm8"
"TWIST2",2,"down","TWIST2","Twist2"
"USP28",2,"down","USP28","Usp28"
"VCAN",2,"up","VCAN","Vcan"
"YAP1",2,"down","YAP1","Yap1"
"ZEB1",2,"down","ZEB1","Zeb1"
"CSF3",2,"up","CSF3","Csf3"
"CXCL11",2,"up","CXCL11","Cxcl11"
"INHBA",2,"up","INHBA","Inhba"
"SRPX",1,NA,"SRPX","Srpx"
"TNFSF13B",1,NA,"TNFSF13B","Tnfsf13b"
"ELMOD1",1,NA,"ELMOD1","Elmod1"
"SLCO2B1",1,NA,"SLCO2B1","Slco2b1"
"WDR78",1,NA,"WDR78",NA
"SLC16A14",1,NA,"SLC16A14","Slc16a14"
"JCAD",1,NA,"JCAD","Jcad"
"SMCO3",1,NA,"SMCO3","Smco3"
"BMS1P9",1,NA,"BMS1P9",NA
"MT-TA",1,NA,"MT-TA",NA
"MT-TN",1,NA,"MT-TN",NA
"MT-TC",1,NA,"MT-TC",NA
"MT-TY",1,NA,"MT-TY",NA
"MAP4K3-DT",1,NA,"MAP4K3-DT",NA
"AC002480.1",1,NA,"AC002480.1",NA
"LINC02154",1,NA,"LINC02154",NA
"TM4SF1-AS1",1,NA,"TM4SF1-AS1",NA
"H2AFJ",1,NA,"H2AFJ",NA
"PURPL",1,NA,"PURPL",NA
"HIST1H1D",1,NA,"HIST1H1D",NA
"CDC7L",1,NA,"CDC7L",NA
"HIST1H1E",1,NA,"HIST1H1E",NA
"HIST2H2AB",1,NA,"HIST2H2AB",NA
"ITPRIPL1",1,NA,"ITPRIPL1","Itpripl1"
"AC074135.1",1,NA,"AC074135.1",NA
"LIF",1,NA,"LIF","Lif"
"IL6R",1,NA,"IL6R","Il6ra"
"SLC1A1",1,"up","SLC1A1","Slc1a1"
"GABARAPL1",1,"up","GABARAPL1","Gabarapl1"
"YPEL5",1,"up","YPEL5","Ypel5"
"MXRA7",1,"up","MXRA7","Mxra7"
"PSG7",1,"up","PSG7","Ceacam2"
"PCYOX1",1,"up","PCYOX1","Pcyox1"
"HIST1H1C",1,"up","HIST1H1C",NA
"PAMR1",1,"up","PAMR1","Pamr1"
"ANTXR1",1,"up","ANTXR1","Antxr1"
"DYNLT3",1,"up","DYNLT3","Dynlt3"
"DNAJB4",1,"up","DNAJB4","Dnajb4"
"PSG4",1,"up","PSG4","Ceacam1"
"TMEM217",1,"up","TMEM217","Tmem217"
"CERCAM",1,"up","CERCAM","Cercam"
"OSTM1",1,"up","OSTM1","Ostm1"
"GAS6",1,"up","GAS6","Gas6"
"PLA2G4C",1,"up","PLA2G4C","Pla2g4c"
"ATP6V0E1",1,"up","ATP6V0E1","Atp6v0e"
"STC2",1,"up","STC2","Stc2"
"SGIP1",1,"up","SGIP1","Sgip1"
"PERP",1,"up","PERP","Perp"
"SERINC1",1,"up","SERINC1","Serinc1"
"PLXNA3",1,"up","PLXNA3","Plxna3"
"USP53",1,"up","USP53","Usp53"
"LUM",1,"up","LUM","Lum"
"FN1",1,"up","FN1","Fn1"
"PSG5",1,"up","PSG5","Psg27"
"CTSF",1,"up","CTSF","Ctsf"
"ATP6AP1",1,"up","ATP6AP1","Atp6ap1"
"CYB5R1",1,"up","CYB5R1","Cyb5r1"
"INA",1,"up","INA","Ina"
"PCDH10",1,"up","PCDH10","Pcdh10"
"PSG6",1,"up","PSG6","Ceacam1"
"LRRN3",1,"up","LRRN3","Lrrn3"
"PGM2L1",1,"up","PGM2L1","Pgm2l1"
"ATP6AP2",1,"up","ATP6AP2","Atp6ap2"
"GPR137B",1,"up","GPR137B","Gpr137b"
"ZNFX1",1,"up","ZNFX1","Znfx1"
"TMEM45A",1,"up","TMEM45A","Tmem45a"
"CYFIP2",1,"up","CYFIP2","Cyfip2"
"ACYP2",1,"up","ACYP2","Acyp2"
"ITM2B",1,"up","ITM2B","Itm2b"
"NEXN",1,"up","NEXN","Nexn"
"C1orf198",1,"up","C1orf198","2310022B05Rik"
"SUGCT",1,"up","SUGCT","Sugct"
"PSG2",1,"up","PSG2",NA
"FNDC4",1,"up","FNDC4","Fndc4"
"RAB6B",1,"up","RAB6B","Rab6b"
"DNAJB9",1,"up","DNAJB9","Dnajb9"
"L1CAM",1,"up","L1CAM","L1cam"
"GLS",1,"up","GLS","Gls"
"BRI3",1,"up","BRI3","Bri3"
"STX12",1,"up","STX12","Stx12"
"DDX58",1,"up","DDX58",NA
"DAGLB",1,"up","DAGLB","Daglb"
"COX7A1",1,"up","COX7A1","Cox7a1"
"TMTC1",1,"up","TMTC1","Tmtc1"
"TMEM47",1,"up","TMEM47","Tmem47"
"CALD1",1,"up","CALD1","Cald1"
"SMPD1",1,"up","SMPD1","Smpd1"
"MFSD1",1,"up","MFSD1","Mfsd1"
"BSDC1",1,"up","BSDC1","Bsdc1"
"PLCB4",1,"up","PLCB4","Plcb4"
"PLA2G15",1,"up","PLA2G15","Pla2g15"
"PIK3R3",1,"up","PIK3R3","Pik3r3"
"F3",1,"up","F3","F3"
"MAP1LC3B",1,"up","MAP1LC3B","Map1lc3b"
"PRSS23",1,"up","PRSS23","Prss23"
"ATP6V1G1",1,"up","ATP6V1G1","Atp6v1g1"
"PLOD2",1,"up","PLOD2","Plod2"
"ATP6V1A",1,"up","ATP6V1A","Atp6v1a"
"CD163L1",1,"up","CD163L1",NA
"MAST3",1,"up","MAST3","Mast3"
"FZD8",1,"up","FZD8","Fzd8"
"TMEM178B",1,"up","TMEM178B","Tmem178b"
"ARHGAP29",1,"up","ARHGAP29","Arhgap29"
"KCTD16",1,"up","KCTD16","Kctd16"
"NPDC1",1,"up","NPDC1","Npdc1"
"CYB5D2",1,"up","CYB5D2","Cyb5d2"
"MFSD11",1,"up","MFSD11","Mfsd11"
"CALCOCO1",1,"up","CALCOCO1","Calcoco1"
"TMEM127",1,"up","TMEM127","Tmem127"
"NRBP2",1,"up","NRBP2","Nrbp2"
"SERPINI1",1,"up","SERPINI1","Serpini1"
"AK3",1,"up","AK3","Ak3"
"IFIT2",1,"up","IFIT2","Ifit2"
"FUCA1",1,"up","FUCA1","Fuca1"
"ISCU",1,"up","ISCU","Iscu"
"COBLL1",1,"up","COBLL1","Cobll1"
"FAT1",1,"up","FAT1","Fat1"
"EPHA4",1,"up","EPHA4","Epha4"
"CREBRF",1,"up","CREBRF","Crebrf"
"JMY",1,"up","JMY","Jmy"
"FAXDC2",1,"up","FAXDC2","Faxdc2"
"CD36",1,"up","CD36","Cd36"
"PLXDC2",1,"up","PLXDC2","Plxdc2"
"GNPTG",1,"up","GNPTG","Gnptg"
"FAM214B",1,"up","FAM214B",NA
"WFS1",1,"up","WFS1","Wfs1"
"SORT1",1,"up","SORT1","Sort1"
"KIAA1191",1,"up","KIAA1191","4833439L19Rik"
"P3H2",1,"up","P3H2","P3h2"
"TM7SF3",1,"up","TM7SF3","Tm7sf3"
"MARCH2",1,"up","MARCH2",NA
"CRYL1",1,"up","CRYL1","Cryl1"
"MFGE8",1,"up","MFGE8","Mfge8"
"KIF3C",1,"up","KIF3C","Kif3c"
"KCNJ2",1,"up","KCNJ2","Kcnj2"
"IDS",1,"up","IDS","Ids"
"HEXB",1,"up","HEXB","Hexb"
"HAGH",1,"up","HAGH","Hagh"
"SLC46A3",1,"up","SLC46A3","Slc46a3"
"KCNMB4",1,"up","KCNMB4","Kcnmb4"
"SESN1",1,"up","SESN1","Sesn1"
"MAMDC2",1,"up","MAMDC2","Mamdc2"
"DDAH1",1,"up","DDAH1","Ddah1"
"SVIL",1,"up","SVIL","Svil"
"TMEM131",1,"up","TMEM131","Tmem131"
"PSG9",1,"up","PSG9","Ceacam1"
"DNASE1L1",1,"up","DNASE1L1","Dnase1l1"
"SAMD9",1,"up","SAMD9",NA
"DAB2",1,"up","DAB2","Dab2"
"COL8A1",1,"up","COL8A1","Col8a1"
"CYP2U1",1,"up","CYP2U1","Cyp2u1"
"MLLT11",1,"up","MLLT11","Mllt11"
"TGOLN2",1,"up","TGOLN2","Tgoln1"
"TOB1",1,"up","TOB1","Tob1"
"DHRS3",1,"up","DHRS3","Dhrs3"
"ADAM23",1,"up","ADAM23","Adam23"
"ITFG1",1,"up","ITFG1","Itfg1"
"SLC35F5",1,"up","SLC35F5","Slc35f5"
"TIMP3",1,"up","TIMP3","Timp3"
"SLC20A2",1,"up","SLC20A2","Slc20a2"
"SELENOW",1,"up","SELENOW","Selenow"
"PTPRK",1,"up","PTPRK","Ptprk"
"NIPAL3",1,"up","NIPAL3","Nipal3"
"PRPS1",1,"up","PRPS1","Prps1"
"TMEM106B",1,"up","TMEM106B","Tmem106b"
"PDK2",1,"up","PDK2","Pdk2"
"ARMCX3",1,"up","ARMCX3","Armcx3"
"ADIPOR1",1,"up","ADIPOR1","Adipor1"
"RAB11FIP5",1,"up","RAB11FIP5","Rab11fip5"
"MPC2",1,"up","MPC2","Mpc2"
"MAN2B2",1,"up","MAN2B2","Man2b2"
"MAPRE3",1,"up","MAPRE3","Mapre3"
"TPRG1L",1,"up","TPRG1L","Tprg1l"
"FRMD6",1,"up","FRMD6","Frmd6"
"GINM1",1,"up","GINM1","Ginm1"
"GALNT5",1,"up","GALNT5","Galnt5"
"POSTN",1,"down","POSTN","Postn"
"PGRMC2",1,"up","PGRMC2","Pgrmc2"
"P2RX5",1,"up","P2RX5","P2rx5"
"PIGZ",1,"up","PIGZ","Pigz"
"STYK1",1,"up","STYK1","Styk1"
"CASTOR3",1,"up","CASTOR3",NA
"FTH1",1,"up","FTH1","Fth1"
"TANGO2",1,"up","TANGO2","Tango2"
"CD81",1,"up","CD81","Cd81"
"STC1",1,"up","STC1","Stc1"
"BPGM",1,"up","BPGM","Bpgm"
"ANKRD1",1,"up","ANKRD1","Ankrd1"
"LMOD1",1,"up","LMOD1","Lmod1"
"CNN1",1,"up","CNN1","Cnn1"
"SERINC3",1,"up","SERINC3","Serinc3"
"SYNGR1",1,"up","SYNGR1","Syngr1"
"NABP1",1,"up","NABP1","Nabp1"
"SGSH",1,"up","SGSH","Sgsh"
"PCDHB16",1,"up","PCDHB16","Pcdhb17"
"ZNF610",1,"up","ZNF610",NA
"ZNF582",1,"up","ZNF582","Zfp582"
"LACC1",1,"up","LACC1","Lacc1"
"TNFSF10",1,"up","TNFSF10","Tnfsf10"
"DCBLD1",1,"up","DCBLD1","Dcbld1"
"NAP1L5",1,"up","NAP1L5","Nap1l5"
"SLC43A2",1,"up","SLC43A2","Slc43a2"
"ATG4A",1,"up","ATG4A","Atg4a"
"NBEAL1",1,"up","NBEAL1","Nbeal1"
"PLPP4",1,"up","PLPP4","Plpp4"
"CCNG1",1,"up","CCNG1","Ccng1"
"CYSTM1",1,"up","CYSTM1","Cystm1"
"TM2D1",1,"up","TM2D1","Tm2d1"
"COQ10B",1,"up","COQ10B","Coq10b"
"VAMP2",1,"up","VAMP2","Vamp2"
"MARCH4",1,"up","MARCH4",NA
"TBC1D19",1,"up","TBC1D19","Tbc1d19"
"HERC6",1,"up","HERC6","Herc6"
"RETSAT",1,"up","RETSAT","Retsat"
"ARL15",1,"up","ARL15","Arl15"
"LRPAP1",1,"up","LRPAP1","Lrpap1"
"ARHGEF37",1,"up","ARHGEF37","Arhgef37"
"C5orf46",1,"up","C5orf46","Gm94"
"INPP5D",1,"up","INPP5D","Inpp5d"
"IFIT1",1,"up","IFIT1","Ifit1bl1"
"GRINA",1,"up","GRINA","Grina"
"VPS41",1,"up","VPS41","Vps41"
"OPN3",1,"up","OPN3","Opn3"
"PRICKLE2",1,"up","PRICKLE2","Prickle2"
"ANKRD29",1,"up","ANKRD29","Ankrd29"
"MAN1B1",1,"up","MAN1B1","Man1b1"
"PRAF2",1,"up","PRAF2","Praf2"
"PNRC1",1,"up","PNRC1","Pnrc1"
"NPC2",1,"up","NPC2","Npc2"
"DPYSL4",1,"up","DPYSL4","Dpysl4"
"CPQ",1,"up","CPQ","Cpq"
"FRY",1,"up","FRY","Fry"
"PREPL",1,"up","PREPL","Prepl"
"ORMDL3",1,"up","ORMDL3","Ormdl3"
"PGAP3",1,"up","PGAP3","Pgap3"
"PSTPIP2",1,"up","PSTPIP2","Pstpip2"
"RIOK3",1,"up","RIOK3","Riok3"
"ADAM19",1,"up","ADAM19","Adam19"
"FBXL20",1,"up","FBXL20","Fbxl20"
"OGFRL1",1,"up","OGFRL1","Ogfrl1"
"DDA1",1,"up","DDA1","Dda1"
"VKORC1",1,"up","VKORC1","Vkorc1"
"THBS1",1,"up","THBS1","Thbs1"
"ABHD4",1,"up","ABHD4","Abhd4"
"PLEKHA1",1,"up","PLEKHA1","Plekha1"
"RARRES3",1,"up","RARRES3",NA
"PTPRM",1,"up","PTPRM","Ptprm"
"RHBDD2",1,"up","RHBDD2","Rhbdd2"
"PRRG1",1,"up","PRRG1","Prrg1"
"EDEM2",1,"up","EDEM2","Edem2"
"HHAT",1,"up","HHAT","Hhat"
"POMGNT1",1,"up","POMGNT1","Pomgnt1"
"DRAM1",1,"up","DRAM1","Dram1"
"RIN2",1,"up","RIN2","Rin2"
"ZFYVE1",1,"up","ZFYVE1","Zfyve1"
"TRPV2",1,"up","TRPV2","Trpv2"
"FAM198B",1,"up","FAM198B",NA
"KCNN2",1,"up","KCNN2","Kcnn2"
"SP110",1,"up","SP110","Sp110-ps1"
"IFI27",1,"up","IFI27","Ifi27l2b"
"AOX1",1,"up","AOX1","Aox1"
"GPER1",1,"up","GPER1","Gper1"
"GPC1",1,"up","GPC1","Gpc1"
"TANC1",1,"up","TANC1","Tanc1"
"TNFRSF21",1,"up","TNFRSF21","Tnfrsf21"
"KRTAP1-5",1,"up","KRTAP1-5","Krtap1-4"
"ZBTB20",1,"up","ZBTB20","Zbtb20"
"AHCYL2",1,"up","AHCYL2","Ahcyl2"
"TVP23B",1,"up","TVP23B","Tvp23b"
"KIAA0930",1,"up","KIAA0930","5031439G07Rik"
"LIMCH1",1,"up","LIMCH1","Limch1"
"PCNX1",1,"up","PCNX1","Pcnx1"
"ELL2",1,"up","ELL2","Ell2"
"FHL1",1,"up","FHL1","Fhl1"
"CLN8",1,"up","CLN8","Cln8"
"GLB1",1,"up","GLB1","Glb1"
"BMT2",1,"up","BMT2",NA
"GABARAP",1,"up","GABARAP","Gabarap"
"CAP2",1,"up","CAP2","Cap2"
"MRVI1",1,"up","MRVI1",NA
"HDAC9",1,"up","HDAC9","Hdac9"
"IPO13",1,"up","IPO13","Ipo13"
"ATP6V0D1",1,"up","ATP6V0D1","Atp6v0d1"
"WDR26",1,"up","WDR26","Wdr26"
"REEP5",1,"up","REEP5","Reep5"
"ZFAND5",1,"up","ZFAND5","Zfand5"
"UBE2H",1,"up","UBE2H","Ube2h"
"TAPBP",1,"up","TAPBP","Tapbp"
"NXPE3",1,"up","NXPE3","Nxpe3"
"PIP4K2C",1,"up","PIP4K2C","Pip4k2c"
"RRAS",1,"up","RRAS","Rras"
"TAF13",1,"up","TAF13","Taf13"
"SQOR",1,"up","SQOR","Sqor"
"PLSCR4",1,"up","PLSCR4","Plscr4"
"PCDHB8",1,"up","PCDHB8","Pcdhb16"
"ZBTB4",1,"up","ZBTB4","Zbtb4"
"ANO10",1,"up","ANO10","Ano10"
"SEMA6A",1,"up","SEMA6A","Sema6a"
"SLFN12",1,"up","SLFN12","Slfn2"
"HEG1",1,"up","HEG1","Heg1"
"CCDC9B",1,"up","CCDC9B","Ccdc9b"
"SLC44A2",1,"up","SLC44A2","Slc44a2"
"NCKAP5",1,"up","NCKAP5","Nckap5"
"MASP1",1,"up","MASP1","Masp1"
"LRP12",1,"up","LRP12","Lrp12"
"LPCAT2",1,"up","LPCAT2","Lpcat2"
"GDE1",1,"up","GDE1","Gde1"
"STS",1,"up","STS","Sts"
"ARF4",1,"up","ARF4","Arf4"
"ITGB5",1,"up","ITGB5","Itgb5"
"ITGAV",1,"up","ITGAV","Itgav"
"SERINC2",1,"up","SERINC2","Serinc2"
"ANXA4",1,"up","ANXA4","Anxa4"
"GOLGB1",1,"up","GOLGB1","Golgb1"
"GFPT1",1,"up","GFPT1","Gfpt1"
"TCTN3",1,"up","TCTN3","Tctn3"
"RAI14",1,"up","RAI14","Rai14"
"MRAS",1,"up","MRAS","Mras"
"DHRS1",1,"up","DHRS1","Dhrs1"
"GLMP",1,"up","GLMP","Glmp"
"DUSP10",1,"up","DUSP10","Dusp10"
"TMBIM1",1,"up","TMBIM1","Tmbim1"
"LAMB2",1,"up","LAMB2","Lamb2"
"MCFD2",1,"up","MCFD2","Mcfd2"
"P4HA2",1,"up","P4HA2","P4ha2"
"MGARP",1,"up","MGARP","Mgarp"
"DYNLRB2",1,"up","DYNLRB2","Dynlrb2"
"PDCD1LG2",1,"up","PDCD1LG2","Pdcd1lg2"
"ATP10D",1,"up","ATP10D","Atp10d"
"MCOLN1",1,"up","MCOLN1","Mcoln1"
"EMC7",1,"up","EMC7","Emc7"
"CPPED1",1,"up","CPPED1","Cpped1"
"CTSA",1,"up","CTSA","Ctsa"
"MANSC1",1,"up","MANSC1","Mansc1"
"ETV7",1,"up","ETV7",NA
"C11orf96",1,"up","C11orf96","Gm13889"
"IFIT3",1,"up","IFIT3","Ifit3"
"HLA-B",1,"up","HLA-B","H2-M10.5"
"WDR47",1,"up","WDR47","Wdr47"
"RBM24",1,"up","RBM24","Rbm24"
"DGKA",1,"up","DGKA","Dgka"
"C19orf18",1,"up","C19orf18","2900092C05Rik"
"SELENOM",1,"up","SELENOM","Selenom"
"FAM43A",1,"up","FAM43A","Fam43a"
"CDH10",1,"up","CDH10","Cdh10"
"SNPH",1,"up","SNPH","Snph"
"SH3PXD2A",1,"up","SH3PXD2A","Sh3pxd2a"
"CAVIN4",1,"up","CAVIN4","Cavin4"
"DNER",1,"up","DNER","Dner"
"FANK1",1,"up","FANK1","Fank1"
"LMBRD2",1,"up","LMBRD2","Lmbrd2"
"CAV2",1,"up","CAV2","Cav2"
"C15orf48",1,"up","C15orf48","AA467197"
"TMEM35A",1,"up","TMEM35A","Tmem35a"
"RHOU",1,"up","RHOU","Rhou"
"PCDHB2",1,"up","PCDHB2","Pcdhb2"
"LIPA",1,"up","LIPA","Lipa"
"SLC25A45",1,"up","SLC25A45","Slc25a45"
"RNF11",1,"up","RNF11","Rnf11"
"FAM219A",1,"up","FAM219A","Fam219a"
"LINGO2",1,"up","LINGO2","Lingo2"
"AHNAK2",1,"up","AHNAK2","Ahnak2"
"SYNGR2",1,"up","SYNGR2","Syngr2"
"APH1B",1,"up","APH1B","Aph1b"
"ARMC9",1,"up","ARMC9","Armc9"
"SCG2",1,"up","SCG2","Scg2"
"RNF103",1,"up","RNF103","Rnf103"
"BTC",1,"up","BTC","Btc"
"SIL1",1,"up","SIL1","Sil1"
"IFIH1",1,"up","IFIH1","Ifih1"
"PHTF2",1,"up","PHTF2","Phtf2"
"BAIAP2L1",1,"up","BAIAP2L1","Baiap2l1"
"CNNM2",1,"up","CNNM2","Cnnm2"
"ARHGEF3",1,"up","ARHGEF3","Arhgef3"
"ATP6V0A4",1,"up","ATP6V0A4","Atp6v0a4"
"IGIP",1,"up","IGIP","Igip"
"NAP1L3",1,"up","NAP1L3","Nap1l3"
"TSPAN11",1,"up","TSPAN11","Tspan11"
"MEST",1,"up","MEST","Mest"
"SAMD12",1,"up","SAMD12","Samd12"
"SHC4",1,"up","SHC4","Shc4"
"KCTD4",1,"up","KCTD4","Kctd4"
"TUBG2",1,"up","TUBG2","Tubg2"
"FBXO6",1,"up","FBXO6","Fbxo6"
"SIPA1L1",1,"up","SIPA1L1","Sipa1l1"
"LRRC6",1,"up","LRRC6",NA
"SULF1",1,"up","SULF1","Sulf1"
"RIMS1",1,"up","RIMS1","Rims1"
"SCUBE3",1,"up","SCUBE3","Scube3"
"OTUD1",1,"up","OTUD1","Otud1"
"ITPRIPL2",1,"up","ITPRIPL2","Itpripl2"
"IFITM3",1,"up","IFITM3","Ifitm2"
"EDIL3",1,"up","EDIL3","Edil3"
"MRPL1",1,"down","MRPL1","Mrpl1"
"CDCA7",1,"down","CDCA7","Cdca7"
"ATAD2",1,"down","ATAD2","Atad2"
"PCLAF",1,"down","PCLAF","Pclaf"
"ZNF22",1,"down","ZNF22","Zfp422"
"SLIT2",1,"down","SLIT2","Slit2"
"SAPCD2",1,"down","SAPCD2","Sapcd2"
"ZWILCH",1,"down","ZWILCH","Zwilch"
"ACTL6A",1,"down","ACTL6A","Actl6a"
"RANBP1",1,"down","RANBP1","Ranbp1"
"HYLS1",1,"down","HYLS1","Hyls1"
"TSEN15",1,"down","TSEN15","Tsen15"
"DDX39A",1,"down","DDX39A","Ddx39a"
"FKBP5",1,"down","FKBP5","Fkbp5"
"CCNF",1,"down","CCNF","Ccnf"
"SNRPF",1,"down","SNRPF","Snrpf"
"SNRPD1",1,"down","SNRPD1","Snrpd1"
"SFPQ",1,"down","SFPQ","Sfpq"
"NUP107",1,"down","NUP107","Nup107"
"TPRKB",1,"down","TPRKB","Tprkb"
"NASP",1,"down","NASP","Nasp"
"MCM6",1,"down","MCM6","Mcm6"
"MCM4",1,"down","MCM4","Mcm4"
"CTCF",1,"down","CTCF","Ctcf"
"FIGNL1",1,"down","FIGNL1","Fignl1"
"WDR76",1,"down","WDR76","Wdr76"
"ASF1B",1,"down","ASF1B","Asf1b"
"PRIM1",1,"down","PRIM1","Prim1"
"PFAS",1,"down","PFAS","Pfas"
"RNF138",1,"down","RNF138","Rnf138"
"NUP205",1,"down","NUP205","Nup205"
"EXOSC8",1,"down","EXOSC8","Exosc8"
"PRPF4",1,"down","PRPF4","Prpf4"
"SMC3",1,"down","SMC3","Smc3"
"WDR34",1,"down","WDR34",NA
"ANP32E",1,"down","ANP32E","Anp32e"
"NARS2",1,"down","NARS2","Nars2"
"NUP37",1,"down","NUP37","Nup37"
"GINS3",1,"down","GINS3","Gins3"
"DERA",1,"down","DERA","Dera"
"ODC1",1,"down","ODC1","Odc1"
"NOP58",1,"down","NOP58","Nop58"
"TCF19",1,"down","TCF19","Tcf19"
"PXMP2",1,"down","PXMP2","Pxmp2"
"POLE2",1,"down","POLE2","Pole2"
"PCOLCE",1,"down","PCOLCE","Pcolce"
"MCM5",1,"down","MCM5","Mcm5"
"IMPDH2",1,"down","IMPDH2","Impdh2"
"HNRNPA2B1",1,"down","HNRNPA2B1","Hnrnpa2b1"
"AEBP1",1,"down","AEBP1","Aebp1"
"FST",1,"down","FST","Fst"
"NUP85",1,"down","NUP85","Nup85"
"CDC25B",1,"down","CDC25B","Cdc25b"
"PPP1CC",1,"down","PPP1CC","Ppp1cc"
"DUT",1,"down","DUT","Dut"
"E2F8",1,"down","E2F8","E2f8"
"MALL",1,"down","MALL","Mall"
"ZNF711",1,"down","ZNF711","Zfp711"
"RBMX",1,"down","RBMX","Rbmx"
"MNS1",1,"down","MNS1","Mns1"
"FANCG",1,"down","FANCG","Fancg"
"FAM72D",1,"down","FAM72D","Fam72a"
"PRMT3",1,"down","PRMT3","Prmt3"
"ZNF662",1,"down","ZNF662",NA
"SRSF7",1,"down","SRSF7","Srsf7"
"TNFRSF19",1,"down","TNFRSF19","Tnfrsf19"
"BRIX1",1,"down","BRIX1","Brix1"
"TMEM119",1,"down","TMEM119","Tmem119"
"PHF19",1,"down","PHF19","Phf19"
"FUS",1,"down","FUS","Fus"
"ZNF367",1,"down","ZNF367","Zfp367"
"DHFR",1,"down","DHFR","Dhfr"
"MRPL3",1,"down","MRPL3","Mrpl3"
"CMSS1",1,"down","CMSS1","Cmss1"
"TEX30",1,"down","TEX30","Tex30"
"DDX18",1,"down","DDX18","Ddx18"
"SEH1L",1,"down","SEH1L","Seh1l"
"FAM111A",1,"down","FAM111A","Fam111a"
"RPA3",1,"down","RPA3","Rpa3"
"TMA16",1,"down","TMA16","Tma16"
"WDYHV1",1,"down","WDYHV1",NA
"ASNS",1,"down","ASNS","Asns"
"H1F0",1,"down","H1F0",NA
"DCPS",1,"down","DCPS","Dcps"
"SAAL1",1,"down","SAAL1","Saal1"
"SHMT2",1,"down","SHMT2","Shmt2"
"SERPINF1",1,"down","SERPINF1","Serpinf1"
"ERI1",1,"down","ERI1","Eri1"
"BANF1",1,"down","BANF1","Banf1"
"SNRPA",1,"down","SNRPA","Snrpa"
"PRIM2",1,"down","PRIM2","Prim2"
"NUP54",1,"down","NUP54","Nup54"
"MSH2",1,"down","MSH2","Msh2"
"AMPH",1,"down","AMPH","Amph"
"SMCHD1",1,"down","SMCHD1","Smchd1"
"TOMM40",1,"down","TOMM40","Tomm40"
"KNTC1",1,"down","KNTC1","Kntc1"
"SLFN11",1,"down","SLFN11","Slfn9"
"CCDC8",1,"down","CCDC8","Ccdc8"
"EIF4A3",1,"down","EIF4A3","Eif4a3l2"
"MZT1",1,"down","MZT1","Mzt1"
"POLD2",1,"down","POLD2","Pold2"
"MRE11",1,"down","MRE11","Mre11a"
"MAT2A",1,"down","MAT2A","Mat2a"
"ILF2",1,"down","ILF2","Ilf2"
"HPRT1",1,"down","HPRT1","Hprt1"
"CBX3",1,"down","CBX3","Cbx3"
"NUDT21",1,"down","NUDT21","Nudt21"
"TCERG1",1,"down","TCERG1","Tcerg1"
"C19orf48",1,"down","C19orf48",NA
"EMILIN2",1,"down","EMILIN2","Emilin2"
"CDT1",1,"down","CDT1","Cdt1"
"VRK1",1,"down","VRK1","Vrk1"
"SOX11",1,"down","SOX11","Sox11"
"SNRPE",1,"down","SNRPE","Snrpe"
"LSM2",1,"down","LSM2","Lsm2"
"PRPS2",1,"down","PRPS2","Prps2"
"TIPIN",1,"down","TIPIN","Tipin"
"EXOSC9",1,"down","EXOSC9","Exosc9"
"HMGN2",1,"down","HMGN2","Hmgn2-ps"
"SGO2",1,"down","SGO2","Sgo2b"
"GINS1",1,"down","GINS1","Gins1"
"PTER",1,"down","PTER","Pter"
"SLC5A6",1,"down","SLC5A6","Slc5a6"
"NUDCD1",1,"down","NUDCD1","Nudcd1"
"FAM213A",1,"down","FAM213A",NA
"TFAM",1,"down","TFAM","Tfam"
"TAF5",1,"down","TAF5","Taf5"
"CENPJ",1,"down","CENPJ","Cenpj"
"MIS18BP1",1,"down","MIS18BP1","Mis18bp1"
"SAFB",1,"down","SAFB","Safb"
"MGMT",1,"down","MGMT","Mgmt"
"C8orf59",1,"down","C8orf59",NA
"FAM111B",1,"down","FAM111B",NA
"SKA2",1,"down","SKA2","Ska2"
"LSM5",1,"down","LSM5","Lsm5"
"ETV4",1,"down","ETV4","Etv4"
"TUBB",1,"down","TUBB","Tubb5"
"HAUS1",1,"down","HAUS1","Haus1"
"LSM6",1,"down","LSM6","Lsm6"
"KHSRP",1,"down","KHSRP","Khsrp"
"CEP70",1,"down","CEP70","Cep70"
"MYO19",1,"down","MYO19","Myo19"
"ZFHX4",1,"down","ZFHX4","Zfhx4"
"SUV39H2",1,"down","SUV39H2","Suv39h2"
"MARCKSL1",1,"down","MARCKSL1","Marcksl1"
"RFC2",1,"down","RFC2","Rfc2"
"RIF1",1,"down","RIF1","Rif1"
"CENPQ",1,"down","CENPQ","Cenpq"
"LY6K",1,"down","LY6K","Ly6k"
"POLE",1,"down","POLE","Pole"
"PRRX1",1,"down","PRRX1","Prrx1"
"MRPL48",1,"down","MRPL48","Mrpl48"
"PKDCC",1,"down","PKDCC","Pkdcc"
"PRR16",1,"down","PRR16","Prr16"
"PA2G4",1,"down","PA2G4","Pa2g4"
"PAGR1",1,"down","PAGR1","Pagr1a"
"PSMC3IP",1,"down","PSMC3IP","Psmc3ip"
"IL11",1,"down","IL11","Il11"
"HNRNPF",1,"down","HNRNPF","Hnrnpf"
"TUSC1",1,"down","TUSC1","Tusc1"
"EML4",1,"down","EML4","Eml4"
"ALKBH2",1,"down","ALKBH2","Alkbh2"
"LSM3",1,"down","LSM3","Lsm3"
"DBI",1,"down","DBI","Dbi"
"ADSL",1,"down","ADSL","Adsl"
"CSE1L",1,"down","CSE1L","Cse1l"
"SUPT16H",1,"down","SUPT16H","Supt16"
"EFS",1,"down","EFS","Efs"
"CHAF1A",1,"down","CHAF1A","Chaf1a"
"PUM3",1,"down","PUM3","Pum3"
"LRRC8C",1,"down","LRRC8C","Lrrc8c"
"UMPS",1,"down","UMPS","Umps"
"MRPS15",1,"down","MRPS15","Mrps15"
"ZDHHC6",1,"down","ZDHHC6","Zdhhc6"
"BCS1L",1,"down","BCS1L","Bcs1l"
"CMC2",1,"down","CMC2","Cmc2"
"NSMCE4A",1,"down","NSMCE4A","Nsmce4a"
"MIOS",1,"down","MIOS","Mios"
"HSPB11",1,"down","HSPB11",NA
"DPH5",1,"down","DPH5","Dph5"
"GLUL",1,"down","GLUL","Glul"
"COQ2",1,"down","COQ2","Coq2"
"DAZAP1",1,"down","DAZAP1","Dazap1"
"CDC42EP4",1,"down","CDC42EP4","Cdc42ep4"
"FOPNL",1,"down","FOPNL",NA
"NRM",1,"down","NRM","Nrm"
"CTSC",1,"down","CTSC","Ctsc"
"KHDRBS1",1,"down","KHDRBS1","Khdrbs1"
"UBA2",1,"down","UBA2","Uba2"
"MED30",1,"down","MED30","Med30"
"RAD54L",1,"down","RAD54L","Rad54l"
"ANP32A",1,"down","ANP32A","Anp32a"
"IQCC",1,"down","IQCC","Iqcc"
"DARS2",1,"down","DARS2","Dars2"
"ELOVL2",1,"down","ELOVL2","Elovl2"
"CEP83",1,"down","CEP83","Cep83"
"UBE2S",1,"down","UBE2S","Ube2s"
"RPL39L",1,"down","RPL39L","Rpl39l"
"DBF4",1,"down","DBF4","Dbf4"
"TUBA1B",1,"down","TUBA1B","Tuba1b"
"SNRPC",1,"down","SNRPC","Snrpc"
"RBBP8",1,"down","RBBP8","Rbbp8"
"PCK2",1,"down","PCK2","Pck2"
"HNRNPM",1,"down","HNRNPM","Hnrnpm"
"MTIF2",1,"down","MTIF2","Mtif2"
"HNRNPH3",1,"down","HNRNPH3","Hnrnph3"
"SF3B3",1,"down","SF3B3","Sf3b3"
"DARS",1,"down","DARS",NA
"SYNCRIP",1,"down","SYNCRIP","Syncrip"
"IER2",1,"down","IER2","Ier2"
"DSN1",1,"down","DSN1","Dsn1"
"ACTR5",1,"down","ACTR5","Actr5"
"CWF19L1",1,"down","CWF19L1","Cwf19l1"
"RFWD3",1,"down","RFWD3","Rfwd3"
"THG1L",1,"down","THG1L","Thg1l"
"MTERF3",1,"down","MTERF3","Mterf3"
"MSH6",1,"down","MSH6","Msh6"
"BRI3BP",1,"down","BRI3BP","Bri3bp"
"NXT1",1,"down","NXT1","Nxt1"
"TRIM6",1,"down","TRIM6","Trim6"
"CRYBG1",1,"down","CRYBG1","Crybg1"
"RNF168",1,"down","RNF168","Rnf168"
"C12orf45",1,"down","C12orf45",NA
"NAALADL1",1,"down","NAALADL1","Naaladl1"
"DCHS1",1,"down","DCHS1","Dchs1"
"MCM8",1,"down","MCM8","Mcm8"
"NETO2",1,"down","NETO2","Neto2"
"REXO5",1,"down","REXO5","Rexo5"
"MRPL23",1,"down","MRPL23","Mrpl23"
"FANCM",1,"down","FANCM","Fancm"
"C3orf14",1,"down","C3orf14",NA
"NXT2",1,"down","NXT2","Nxt2"
"NUDT15",1,"down","NUDT15","Nudt15"
"CTDSPL2",1,"down","CTDSPL2","Ctdspl2"
"UCHL5",1,"down","UCHL5","Uchl5"
"STMN3",1,"down","STMN3","Stmn3"
"CLDN11",1,"down","CLDN11","Cldn11"
"ID4",1,"down","ID4","Id4"
"STOML2",1,"down","STOML2","Stoml2"
"GUSB",1,"down","GUSB","Gusb"
"SLC43A3",1,"down","SLC43A3","Slc43a3"
"TMEM251",1,"down","TMEM251",NA
"PRIMPOL",1,"down","PRIMPOL","Primpol"
"ABHD3",1,"down","ABHD3","Abhd3"
"ZNF511",1,"down","ZNF511","Zfp511"
"DIS3L",1,"down","DIS3L","Dis3l"
"TUBB4B",1,"down","TUBB4B","Tubb4b"
"NOP56",1,"down","NOP56","Nop56"
"C8orf88",1,"down","C8orf88","Gm11837"
"NMI",1,"down","NMI","Nmi"
"JPT2",1,"down","JPT2","Jpt2"
"CBR3",1,"down","CBR3","Cbr3"
"PSMG3",1,"down","PSMG3","Psmg3"
"CASP1",1,"down","CASP1","Casp1"
"MCMBP",1,"down","MCMBP","Mcmbp"
"PRTFDC1",1,"down","PRTFDC1",NA
"PHF10",1,"down","PHF10","Phf10"
"ORC2",1,"down","ORC2","Orc2"
"IMPA2",1,"down","IMPA2","Impa2"
"GEN1",1,"down","GEN1","Gen1"
"HOXA5",1,"down","HOXA5","Hoxa5"
"NT5C",1,"down","NT5C","Nt5c"
"GUCY1B1",1,"down","GUCY1B1","Gucy1b1"
"GART",1,"down","GART","Gart"
"NOL11",1,"down","NOL11","Nol11"
"NEMP1",1,"down","NEMP1","Nemp1"
"FH",1,"down","FH","Fh1"
"DTYMK",1,"down","DTYMK","Dtymk"
"CCDC138",1,"down","CCDC138","Ccdc138"
"ARL6IP6",1,"down","ARL6IP6","Arl6ip6"
"IRAK3",1,"down","IRAK3","Irak3"
"POLD3",1,"down","POLD3","Pold3"
"CCT2",1,"down","CCT2","Cct2"
"AASS",1,"down","AASS","Aass"
"TCP1",1,"down","TCP1","Tcp1"
"AS3MT",1,"down","AS3MT","As3mt"
"BCL2L12",1,"down","BCL2L12","Bcl2l12"
"HS3ST3A1",1,"down","HS3ST3A1","Hs3st3a1"
"CEP57",1,"down","CEP57","Cep57"
"CEP135",1,"down","CEP135","Cep135"
"TIFA",1,"down","TIFA","Tifa"
"BAZ1B",1,"down","BAZ1B","Baz1b"
"TAF1B",1,"down","TAF1B","Taf1b"
"SUCLG2",1,"down","SUCLG2","Suclg2"
"BUD13",1,"down","BUD13","Bud13"
"GTPBP6",1,"down","GTPBP6","Gtpbp6"
"SLC7A5",1,"down","SLC7A5","Slc7a5"
"RMI1",1,"down","RMI1","Rmi1"
"ECHDC3",1,"down","ECHDC3","Echdc3"
"MIS12",1,"down","MIS12","Mis12"
"MRPL11",1,"down","MRPL11","Mrpl11"
"NUCKS1",1,"down","NUCKS1","Nucks1"
"TRMT5",1,"down","TRMT5","Trmt5"
"SDHAF3",1,"down","SDHAF3","Sdhaf3"
"ENY2",1,"down","ENY2","Eny2"
"SLC25A40",1,"down","SLC25A40","Slc25a40"
"PRKAR2B",1,"down","PRKAR2B","Prkar2b"
"FAIM",1,"down","FAIM","Faiml"
"MSL2",1,"down","MSL2","Msl2"
"POLR2D",1,"down","POLR2D","Polr2d"
"PLEKHO1",1,"down","PLEKHO1","Plekho1"
"LSAMP",1,"down","LSAMP","Lsamp"
"RFLNB",1,"down","RFLNB","Rflnb"
"HNRNPU",1,"down","HNRNPU","Hnrnpu"
"UTP20",1,"down","UTP20","Utp20"
"SNX5",1,"down","SNX5","Snx5"
"NCAPD3",1,"down","NCAPD3","Ncapd3"
"CCBE1",1,"down","CCBE1","Ccbe1"
"SSX2IP",1,"down","SSX2IP","Ssx2ip"
"FAM46B",1,"down","FAM46B",NA
"DDIT4L",1,"down","DDIT4L","Ddit4l"
"CHD1",1,"down","CHD1","Chd1"
"TUBGCP3",1,"down","TUBGCP3","Tubgcp3"
"SAE1",1,"down","SAE1","Sae1"
"HNRNPDL",1,"down","HNRNPDL","Hnrnpdl"
"H2AFV",1,"down","H2AFV",NA
"H1FX",1,"down","H1FX",NA
"FUBP1",1,"down","FUBP1","Fubp1"
"HAT1",1,"down","HAT1","Hat1"
"QSER1",1,"down","QSER1","Qser1"
"SNRPB",1,"down","SNRPB","Snrpb"
"BGN",1,"down","BGN","Bgn"
"NCEH1",1,"down","NCEH1","Nceh1"
"GAR1",1,"down","GAR1","Gar1"
"GNG2",1,"down","GNG2","Gng2"
"PFKP",1,"down","PFKP","Pfkp"
"NIP7",1,"down","NIP7","Nip7"
"CALML4",1,"down","CALML4","Calml4"
"UTP11",1,"down","UTP11","Utp11"
"ATP5F1C",1,"down","ATP5F1C","Atp5f1c"
"KNL1",1,"down","KNL1","Knl1"
"PAFAH1B3",1,"down","PAFAH1B3","Pafah1b3"
"COQ3",1,"down","COQ3","Coq3"
"HNRNPH1",1,"down","HNRNPH1","Hnrnph1"
"HACD4",1,"down","HACD4","Hacd4"
"DONSON",1,"down","DONSON","Donson"
"APOC1",1,"down","APOC1","Apoc1"
"GNL3",1,"down","GNL3","Gnl3"
"C1orf174",1,"down","C1orf174","A430005L14Rik"
"CNRIP1",1,"down","CNRIP1","Cnrip1"
"TRIM59",1,"down","TRIM59","Trim59"
"POLA2",1,"down","POLA2","Pola2"
"CPNE2",1,"down","CPNE2","Cpne2"
"DFFB",1,"down","DFFB","Dffb"
"ADGRA3",1,"down","ADGRA3","Adgra3"
"EBP",1,"down","EBP","Ebp"
"CEBPZ",1,"down","CEBPZ","Cebpz"
"CDH11",1,"down","CDH11","Cdh11"
"RIN1",1,"down","RIN1","Rin1"
"AKAP12",1,"down","AKAP12","Akap12"
"SNRNP40",1,"down","SNRNP40","Snrnp40"
"ZW10",1,"down","ZW10","Zw10"
"GGH",1,"down","GGH","Ggh"
"RUNX1T1",1,"down","RUNX1T1","Runx1t1"
"TCOF1",1,"down","TCOF1","Tcof1"
"SNRPB2",1,"down","SNRPB2","Snrpb2"
"NT5DC2",1,"down","NT5DC2","Nt5dc2"
"SET",1,"down","SET","Set"
"PSME1",1,"down","PSME1","Psme1"
"PCNT",1,"down","PCNT","Pcnt"
"SEPHS1",1,"down","SEPHS1","Sephs1"
"EPB41L2",1,"down","EPB41L2","Epb41l2"
"COL6A3",1,"down","COL6A3","Col6a3"
"C9orf64",1,"down","C9orf64",NA
"GEMIN6",1,"down","GEMIN6","Gemin6"
"GSDMD",1,"down","GSDMD","Gsdmd"
"LXN",1,"down","LXN","Lxn"
"SLC35F2",1,"down","SLC35F2","Slc35f2"
"RGS17",1,"down","RGS17","Rgs17"
"EMP2",1,"down","EMP2","Emp2"
"MAD2L2",1,"down","MAD2L2","Mad2l2"
"EIF3CL",1,"down","EIF3CL","Eif3c"
"RPL4",1,"down","RPL4","Rpl4"
"HAUS7",1,"down","HAUS7","Haus7"
"NUP62",1,"down","NUP62","Nup62"
"PLAC9",1,"down","PLAC9","Plac9"
"GFPT2",1,"down","GFPT2","Gfpt2"
"SV2A",1,"down","SV2A","Sv2a"
"URB2",1,"down","URB2","Urb2"
"SLC38A5",1,"down","SLC38A5","Slc38a5"
"ZNF300",1,"down","ZNF300","Zfp982"
"TAF1A",1,"down","TAF1A","Taf1a"
"MASTL",1,"down","MASTL","Mastl"
"PGBD1",1,"down","PGBD1","Pgbd1"
"WDR75",1,"down","WDR75","Wdr75"
"HASPIN",1,"down","HASPIN","Haspin"
"ZFAND1",1,"down","ZFAND1","Zfand1"
"TTF1",1,"down","TTF1","Ttf1"
"PTGS1",1,"down","PTGS1","Ptgs1"
"RCN3",1,"down","RCN3","Rcn3"
"UBR7",1,"down","UBR7","Ubr7"
"FAM46C",1,"down","FAM46C",NA
"HAUS6",1,"down","HAUS6","Haus6"
"RSRC1",1,"down","RSRC1","Rsrc1"
"HIST1H1B",1,"down","HIST1H1B",NA
"PYCARD",1,"down","PYCARD","Pycard"
"APEX2",1,"down","APEX2","Apex2"
"FABP5",1,"down","FABP5","Fabp5"
"DHX15",1,"down","DHX15","Dhx15"
"APCDD1L",1,"down","APCDD1L",NA
"PM20D2",1,"down","PM20D2","Pm20d2"
"COL15A1",1,"down","COL15A1","Col15a1"
"PAQR4",1,"down","PAQR4","Paqr4"
"ALYREF",1,"down","ALYREF","Alyreffm8"
"THOC1",1,"down","THOC1","Thoc1"
"PABPN1",1,"down","PABPN1","Pabpn1"
"USP3",1,"down","USP3","Usp3"
"HEPH",1,"down","HEPH","Heph"
"SNCAIP",1,"down","SNCAIP","Sncaip"
"RAD54B",1,"down","RAD54B","Rad54b"
"PPP1R14A",1,"down","PPP1R14A","Ppp1r14a"
"LONRF1",1,"down","LONRF1","Lonrf1"
"CCDC77",1,"down","CCDC77","Ccdc77"
"MEX3B",1,"down","MEX3B","Mex3b"
"CEP78",1,"down","CEP78","Cep78"
"WDR54",1,"down","WDR54","Wdr54"
"CRISPLD1",1,"down","CRISPLD1","Crispld1"
"MLPH",1,"down","MLPH","Mlph"
"RASL11B",1,"down","RASL11B","Rasl11b"
"MRPS9",1,"down","MRPS9","Mrps9"
"RPS16",1,"down","RPS16","Rps16"
"RAD51D",1,"down","RAD51D","Rad51d"
"CCNJ",1,"down","CCNJ","Ccnj"
"CYTL1",1,"down","CYTL1","Cytl1"
"STK26",1,"down","STK26","Stk26"
"FKBP11",1,"down","FKBP11","Fkbp11"
"CEP57L1",1,"down","CEP57L1","Cep57l1"
"FUT4",1,"down","FUT4","Fut4"
"PAXIP1",1,"down","PAXIP1","Paxip1"
"CEP162",1,"down","CEP162","Cep162"
"ERH",1,"down","ERH","Erhrt-ps"
"ADAMTS6",1,"down","ADAMTS6","Adamts6"
"WDR5",1,"down","WDR5","Wdr5"
"ACVR1B",1,NA,"ACVR1B","Acvr1b"
"BEX3",1,NA,"BEX3","Bex3"
"CCL16",1,NA,"CCL16",NA
"CCL24",1,NA,"CCL24","Ccl24"
"CCL3L1",1,NA,"CCL3L1","Ccl3"
"CST4",1,NA,"CST4",NA
"FGF1",1,NA,"FGF1","Fgf1"
"IL10",1,NA,"IL10","Il10"
"IL32",1,NA,"IL32",NA
"IQGAP2",1,NA,"IQGAP2","Iqgap2"
"LCP1",1,NA,"LCP1","Lcp1"
"NAP1L4",1,NA,"NAP1L4","Nap1l4"
"SCAMP4",1,NA,"SCAMP4","Scamp4"
"SELPLG",1,NA,"SELPLG","Selplg"
"SEMA3F",1,NA,"SEMA3F","Sema3f"
"SERPINB4",1,NA,"SERPINB4","Serpinb3c"
"SPP1",1,NA,"SPP1","Spp1"
"SPX",1,NA,"SPX","Spx"
"TUBGCP2",1,NA,"TUBGCP2","Tubgcp2"
"VGF",1,NA,"VGF","Vgf"
"GHR",1,NA,"GHR","Ghr"
"GHRH",1,NA,"GHRH","Ghrh"
"POU1F1",1,NA,"POU1F1","Pou1f1"
"PROP1",1,NA,"PROP1","Prop1"
"TERC",1,NA,"TERC",NA
"ERCC2",1,NA,"ERCC2","Ercc2"
"ERCC8",1,NA,"ERCC8","Ercc8"
"PTPN11",1,NA,"PTPN11","Ptpn11"
"GH1",1,NA,"GH1","Gh"
"IL7R",1,NA,"IL7R","Il7r"
"INS",1,NA,"INS","Ins1"
"IRS2",1,NA,"IRS2","Irs2"
"PIK3CB",1,NA,"PIK3CB","Pik3cb"
"NGFR",1,NA,"NGFR","Ngfr"
"INSR",1,NA,"INSR","Insr"
"NCOR1",1,NA,"NCOR1","Ncor1"
"JUND",1,NA,"JUND","Jund"
"IL2RG",1,NA,"IL2RG","Il2rg"
"SST",1,NA,"SST","Sst"
"RET",1,NA,"RET","Ret"
"PLCG2",1,NA,"PLCG2","Plcg2"
"PEX5",1,NA,"PEX5","Pex5"
"CREBBP",1,NA,"CREBBP","Crebbp"
"RPA1",1,NA,"RPA1","Rpa1"
"S100B",1,NA,"S100B","S100b"
"VCP",1,NA,"VCP","Vcp"
"POLG",1,NA,"POLG","Polg"
"NR3C1",1,NA,"NR3C1","Nr3c1"
"ABL1",1,NA,"ABL1","Abl1"
"TOP2B",1,NA,"TOP2B","Top2b"
"ERCC6",1,NA,"ERCC6","Ercc6"
"APTX",1,NA,"APTX","Aptx"
"HTT",1,NA,"HTT","Htt"
"PRKCA",1,NA,"PRKCA","Prkca"
"SSTR3",1,NA,"SSTR3","Sstr3"
"APOC3",1,NA,"APOC3","Apoc3"
"EEF2",1,NA,"EEF2","Eef2"
"ERCC3",1,NA,"ERCC3","Ercc3"
"CAT",1,NA,"CAT","Cat"
"ERCC5",1,NA,"ERCC5","Ercc5"
"GTF2H2",1,NA,"GTF2H2","Gtf2h2"
"EMD",1,NA,"EMD","Emd"
"GRB2",1,NA,"GRB2","Grb2"
"XPA",1,NA,"XPA","Xpa"
"MSRA",1,NA,"MSRA","Msra"
"COQ7",1,NA,"COQ7","Coq7"
"CACNA1A",1,NA,"CACNA1A","Cacna1a"
"LRP2",1,NA,"LRP2","Lrp2"
"AIFM1",1,NA,"AIFM1","Aifm1"
"APOE",1,NA,"APOE","Apoe"
"SNCG",1,NA,"SNCG","Sncg"
"PRDX1",1,NA,"PRDX1","Prdx1"
"ATP5O",1,NA,"ATP5O",NA
"RAD52",1,NA,"RAD52","Rad52"
"TOP3B",1,NA,"TOP3B","Top3b"
"GPX1",1,NA,"GPX1","Gpx1"
"GSR",1,NA,"GSR","Gsr"
"GSS",1,NA,"GSS","Gss"
"GSTA4",1,NA,"GSTA4",NA
"GSTP1",1,NA,"GSTP1","Gstp3"
"MT-CO1",1,NA,"MT-CO1",NA
"HSPA1B",1,NA,"HSPA1B","Hspa1a"
"PCMT1",1,NA,"PCMT1","Pcmt1"
"PTK2B",1,NA,"PTK2B","Ptk2b"
"MED1",1,NA,"MED1","Med1"
"TAF1",1,NA,"TAF1","Taf1"
"SDHC",1,NA,"SDHC","Sdhc"
"HESX1",1,NA,"HESX1","Hesx1"
"PIK3R1",1,NA,"PIK3R1","Pik3r1"
"BSCL2",1,NA,"BSCL2","Bscl2"
"AGPAT2",1,NA,"AGPAT2","Agpat2"
"BDNF",1,NA,"BDNF","Bdnf"
"CREB1",1,NA,"CREB1","Creb1"
"ATF2",1,NA,"ATF2","Atf2"
"TBP",1,NA,"TBP","Tbp"
"HSPA8",1,NA,"HSPA8","Hspa8"
"SIN3A",1,NA,"SIN3A","Sin3a"
"MAPT",1,NA,"MAPT","Mapt"
"MAX",1,NA,"MAX","Max"
"HOXB7",1,NA,"HOXB7","Hoxb7"
"HOXC4",1,NA,"HOXC4","Hoxc4"
"GHRHR",1,NA,"GHRHR","Ghrhr"
"PSEN1",1,NA,"PSEN1","Psen1"
"DLL3",1,NA,"DLL3","Dll3"
"PPP1CA",1,NA,"PPP1CA","Ppp1ca"
"DBN1",1,NA,"DBN1","Dbn1"
"NOG",1,NA,"NOG","Nog"
"UCP3",1,NA,"UCP3","Ucp3"
"UCP2",1,NA,"UCP2","Ucp2"
"POLB",1,NA,"POLB","Polb"
"GCLC",1,NA,"GCLC","Gclc"
"RAE1",1,NA,"RAE1","Rae1"
"PMCH",1,NA,"PMCH","Pmch"
"MLH1",1,NA,"MLH1","Mlh1"
"CSNK1E",1,NA,"CSNK1E","Csnk1e"
"PCK1",1,NA,"PCK1","Pck1"
"ARHGAP1",1,NA,"ARHGAP1","Arhgap1"
"CLOCK",1,NA,"CLOCK","Clock"
"HIC1",1,NA,"HIC1","Hic1"
"ADCY5",1,NA,"ADCY5","Adcy5"
"GPX4",1,NA,"GPX4","Gpx4"
"UCP1",1,NA,"UCP1","Ucp1"
"FGF23",1,NA,"FGF23","Fgf23"
"ERCC4",1,NA,"ERCC4","Ercc4"
"CETP",1,NA,"CETP",NA
"CISD2",1,NA,"CISD2","Cisd2"
"EPS8",1,NA,"EPS8","Eps8"
"KCNA3",1,NA,"KCNA3","Kcna3"
"SLC13A1",1,NA,"SLC13A1","Slc13a1"
"TPP2",1,NA,"TPP2","Tpp2"
"NCOR2",1,NA,"NCOR2","Ncor2"
"PYCR1",1,NA,"PYCR1","Pycr1"
"CNR1",1,NA,"CNR1","Cnr1"
"PDGFRA",1,NA,"PDGFRA","Pdgfra"
"C1QA",1,NA,"C1QA","C1qa"
"EIF5A2",1,NA,"EIF5A2","Eif5a2"
"DGAT1",1,NA,"DGAT1","Dgat1"
"HTRA2",1,NA,"HTRA2","Htra2"
"IKBKB",1,NA,"IKBKB","Ikbkb"
"CDK7",1,NA,"CDK7","Cdk7"
"SPRTN",1,NA,"SPRTN","Sprtn"
"RICTOR",1,NA,"RICTOR","Rictor"
"CTF1",1,NA,"CTF1","Ctf1"
"TRPV1",1,NA,"TRPV1","Trpv1"
"NFE2L1",1,NA,"NFE2L1","Nfe2l1"
"IFNB1",1,NA,"IFNB1","Ifnb1"
"GDF11",1,NA,"GDF11","Gdf11"
"CCNA1",1,NA,"CCNA1","Ccna1"
"CBX4",1,NA,"CBX4","Cbx4"
"MAP2K4",1,NA,"MAP2K4","Map2k4"
"CDC27",1,NA,"CDC27","Cdc27"
"MAML1",1,NA,"MAML1","Maml1"
"MAD2L1BP",1,NA,"MAD2L1BP","Mad2l1bp"
"MAP4K4",1,NA,"MAP4K4","Map4k4"
"AIM2",1,NA,"AIM2","Aim2"
"ARHGAP18",1,NA,"ARHGAP18","Arhgap18"
"MAPKAPK2",1,NA,"MAPKAPK2","Mapkapk2"
"HIST1H2BJ",1,NA,"HIST1H2BJ",NA
"HIST1H3F",1,NA,"HIST1H3F",NA
"CDC16",1,NA,"CDC16","Cdc16"
"EED",1,NA,"EED","Eed"
"CDC23",1,NA,"CDC23","Cdc23"
"RNASET2",1,NA,"RNASET2","Rnaset2a"
"MKNK1",1,NA,"MKNK1","Mknk1"
"TSLP",1,NA,"TSLP","Tslp"
"HAVCR2",1,NA,"HAVCR2","Havcr2"
"C2ORF40",1,NA,"C2ORF40",NA
"HIST2H4A",1,NA,"HIST2H4A",NA
"HIST1H4L",1,NA,"HIST1H4L",NA
"HIST1H4E",1,NA,"HIST1H4E",NA
"HIST1H4B",1,NA,"HIST1H4B",NA
"HIST1H4J",1,NA,"HIST1H4J",NA
"HIST1H4K",1,NA,"HIST1H4K",NA
"HIST1H4F",1,NA,"HIST1H4F",NA
"HIST1H4D",1,NA,"HIST1H4D",NA
"HIST1H4A",1,NA,"HIST1H4A",NA
"HIST1H3B",1,NA,"HIST1H3B",NA
"HIST1H3H",1,NA,"HIST1H3H",NA
"HIST1H3G",1,NA,"HIST1H3G",NA
"HIST1H3E",1,NA,"HIST1H3E",NA
"HIST1H3C",1,NA,"HIST1H3C",NA
"HIST1H3D",1,NA,"HIST1H3D",NA
"HIST1H3A",1,NA,"HIST1H3A",NA
"HIST1H2BO",1,NA,"HIST1H2BO",NA
"HIST1H2BI",1,NA,"HIST1H2BI",NA
"HIST1H2BH",1,NA,"HIST1H2BH",NA
"HIST1H2BF",1,NA,"HIST1H2BF",NA
"HIST1H2BM",1,NA,"HIST1H2BM",NA
"HIST1H2BN",1,NA,"HIST1H2BN",NA
"HIST1H2BL",1,NA,"HIST1H2BL",NA
"HIST1H2BG",1,NA,"HIST1H2BG",NA
"HIST2H2AC",1,NA,"HIST2H2AC",NA
"HIST2H2AA3",1,NA,"HIST2H2AA3",NA
"HIST1H2AB",1,NA,"HIST1H2AB",NA
"HIST1H4I",1,NA,"HIST1H4I",NA
"HIST3H3",1,NA,"HIST3H3",NA
"PHC3",1,NA,"PHC3","Phc3"
"EHMT1",1,NA,"EHMT1","Ehmt1"
"SMC6",1,NA,"SMC6","Smc6"
"AIMP2",1,NA,"AIMP2","Aimp2"
"CALCA",1,NA,"CALCA","Calca"
"MAPKAPK3",1,NA,"MAPKAPK3","Mapkapk3"
"UBE2E1",1,NA,"UBE2E1","Ube2e1"
"UBE2D1",1,NA,"UBE2D1","Ube2d1"
"UBC",1,NA,"UBC","Ubc"
"UBA52",1,NA,"UBA52","Uba52rt"
"CDC26P1",1,NA,"CDC26P1",NA
"RPS27AP11",1,NA,"RPS27AP11",NA
"HIST2H2AA4",1,NA,"HIST2H2AA4",NA
"HIST2H3D",1,NA,"HIST2H3D",NA
"PHC1P1",1,NA,"PHC1P1",NA
"ACD",1,NA,"ACD","Acd"
"SKIL",1,NA,"SKIL","Skil"
"LOC649620",1,NA,"LOC649620",NA
"LOC647654",1,NA,"LOC647654",NA
"H3F3AP6",1,NA,"H3F3AP6",NA
"RBBP4P1",1,NA,"RBBP4P1",NA
"SATB1",1,NA,"SATB1","Satb1"
"RXRB",1,NA,"RXRB","Rxrb"
"RPS27A",1,NA,"RPS27A","Rps27a"
"RPS6KA3",1,NA,"RPS6KA3","Rps6ka3"
"RPS6KA2",1,NA,"RPS6KA2","Rps6ka2"
"RPS6KA1",1,NA,"RPS6KA1","Rps6ka1"
"RNF2",1,NA,"RNF2","Rnf2"
"RIT1",1,NA,"RIT1","Rit1"
"RING1",1,NA,"RING1","Ring1"
"IL21",1,NA,"IL21","Il21"
"RAC1",1,NA,"RAC1","Rac1"
"TNRC6C",1,NA,"TNRC6C","Tnrc6c"
"KIAA1524",1,NA,"KIAA1524",NA
"SEPN1",1,NA,"SEPN1",NA
"BACH1",1,NA,"BACH1","Bach1"
"PRL",1,NA,"PRL","Prl"
"MAPK10",1,NA,"MAPK10","Mapk10"
"MAPK7",1,NA,"MAPK7","Mapk7"
"RNF114",1,NA,"RNF114","Rnf114"
"PRKCI",1,NA,"PRKCI","Prkci"
"PRG2",1,NA,"PRG2","Prg2"
"HIST2H4B",1,NA,"HIST2H4B",NA
"TMEM140",1,NA,"TMEM140","Tmem140"
"MARCH5",1,NA,"MARCH5",NA
"PPARD",1,NA,"PPARD","Ppard"
"POU2F1",1,NA,"POU2F1","Pou2f1"
"TERF2IP",1,NA,"TERF2IP","Terf2ip"
"H2BFS",1,NA,"H2BFS",NA
"PGD",1,NA,"PGD","Pgd"
"PIAS4",1,NA,"PIAS4","Pias4"
"ANAPC11",1,NA,"ANAPC11","Anapc11"
"ANAPC7",1,NA,"ANAPC7","Anapc7"
"ANAPC5",1,NA,"ANAPC5","Anapc5"
"FZR1",1,NA,"FZR1","Fzr1"
"ZBTB7A",1,NA,"ZBTB7A","Zbtb7a"
"ERGIC2",1,NA,"ERGIC2","Ergic2"
"PAX3",1,NA,"PAX3","Pax3"
"H2AFB1",1,NA,"H2AFB1",NA
"NDN",1,NA,"NDN","Ndn"
"NCAM1",1,NA,"NCAM1","Ncam1"
"ASS1",1,NA,"ASS1","Ass1"
"LOC441488",1,NA,"LOC441488",NA
"MRE11A",1,NA,"MRE11A",NA
"MOV10",1,NA,"MOV10","Mov10"
"MAP3K1",1,NA,"MAP3K1","Map3k1"
"SMAD9",1,NA,"SMAD9","Smad9"
"SMAD7",1,NA,"SMAD7","Smad7"
"SMAD4",1,NA,"SMAD4","Smad4"
"MIR30A",1,NA,"MIR30A","Mir30a"
"MIR299",1,NA,"MIR299","Mir299a"
"MIR29A",1,NA,"MIR29A","Mir29a"
"MIR217",1,NA,"MIR217","Mir217"
"MIR21",1,NA,"MIR21",NA
"MIR205",1,NA,"MIR205","Mir205"
"MIR203A",1,NA,"MIR203A","Mir203"
"MIR191",1,NA,"MIR191","Mir191"
"MIR141",1,NA,"MIR141","Mir141"
"MIR10B",1,NA,"MIR10B","Mir10b"
"LGALS9",1,NA,"LGALS9","Lgals9"
"KRT5",1,NA,"KRT5","Krt5"
"KIT",1,NA,"KIT","Kit"
"KIR2DL4",1,NA,"KIR2DL4","Kir3dl2"
"IL12B",1,NA,"IL12B","Il12b"
"H3F3AP5",1,NA,"H3F3AP5",NA
"IDH1",1,NA,"IDH1","Idh1"
"ID2",1,NA,"ID2","Id2"
"HIST2H3A",1,NA,"HIST2H3A",NA
"FOXA3",1,NA,"FOXA3","Foxa3"
"FOXA2",1,NA,"FOXA2","Foxa2"
"H3F3A",1,NA,"H3F3A",NA
"HIST1H2BB",1,NA,"HIST1H2BB",NA
"HIST1H2AD",1,NA,"HIST1H2AD",NA
"HIST1H2AE",1,NA,"HIST1H2AE",NA
"ANAPC4",1,NA,"ANAPC4","Anapc4"
"ANAPC2",1,NA,"ANAPC2","Anapc2"
"UBN1",1,NA,"UBN1","Ubn1"
"GUCY2C",1,NA,"GUCY2C","Gucy2c"
"NSMCE2",1,NA,"NSMCE2","Nsmce2"
"PTRF",1,NA,"PTRF",NA
"GPI",1,NA,"GPI","Gpi1"
"TNRC6A",1,NA,"TNRC6A","Tnrc6a"
"DNAJC2",1,NA,"DNAJC2","Dnajc2"
"AGO1",1,NA,"AGO1","Ago1"
"TINF2",1,NA,"TINF2","Tinf2"
"LDLRAP1",1,NA,"LDLRAP1","Ldlrap1"
"HIST1H2BA",1,NA,"HIST1H2BA",NA
"CDC26",1,NA,"CDC26","Cdc26"
"CABIN1",1,NA,"CABIN1","Cabin1"
"CBX6",1,NA,"CBX6","Cbx6"
"CRTC1",1,NA,"CRTC1","Crtc1"
"SMC5",1,NA,"SMC5","Smc5"
"TNRC6B",1,NA,"TNRC6B","Tnrc6b"
"TNIK",1,NA,"TNIK","Tnik"
"SCMH1",1,NA,"SCMH1","Scmh1"
"ESR2",1,NA,"ESR2","Esr2"
"ERF",1,NA,"ERF","Erf"
"CRTC2",1,NA,"CRTC2","Crtc2"
"EIF5A",1,NA,"EIF5A","Eif5a"
"EEF1B2",1,NA,"EEF1B2","Eef1b2"
"AGO4",1,NA,"AGO4","Ago4"
"AGO3",1,NA,"AGO3","Ago3"
"PHC2",1,NA,"PHC2","Phc2"
"DUSP4",1,NA,"DUSP4","Dusp4"
"HBEGF",1,NA,"HBEGF","Hbegf"
"AGER",1,NA,"AGER","Ager"
"DAXX",1,NA,"DAXX","Daxx"
"CYP3A4",1,NA,"CYP3A4","Cyp3a13"
"HIST3H2BB",1,NA,"HIST3H2BB",NA
"HIST2H3C",1,NA,"HIST2H3C",NA
"HIST4H4",1,NA,"HIST4H4",NA
"SPINT2",1,NA,"SPINT2","Spint2"
"ANAPC10",1,NA,"ANAPC10","Anapc10"
"RAD50",1,NA,"RAD50","Rad50"
"TRIM10",1,NA,"TRIM10","Trim10"
"BCL2L11",1,NA,"BCL2L11","Bcl2l11"
"AAK1",1,"up","AAK1","Aak1"
"ABCB1",1,"up","ABCB1","Abcb1a"
"ABCC6",1,"down","ABCC6","Abcc6"
"ABI3",1,"up","ABI3","Abi3"
"ACER2",1,"down","ACER2","Acer2"
"ACLY",1,"down","ACLY","Acly"
"ADCK5",1,"up","ADCK5","Adck5"
"AHR",1,"up","AHR","Ahr"
"AKAP4",1,"down","AKAP4","Akap4"
"AKT1S1",1,"down","AKT1S1","Akt1s1"
"AKT3",1,"down","AKT3","Akt3"
"AKTIP",1,"down","AKTIP","Aktip"
"ALDOA",1,"down","ALDOA","Aldoa"
"ALKBH3",1,"down","ALKBH3","Alkbh3"
"ARF1",1,"up","ARF1","Arf1"
"ARID1A",1,"up","ARID1A","Arid1a"
"ARID1B",1,"up","ARID1B","Arid1b"
"ARID3A",1,"down","ARID3A","Arid3a"
"ARID4B",1,"up","ARID4B","Arid4b"
"ARPC1B",1,"up","ARPC1B","Arpc1b"
"ARRB1",1,"up","ARRB1","Arrb1"
"ASPH",1,"down","ASPH","Asph"
"ASXL2",1,"up","ASXL2","Asxl2"
"ATF3",1,"down","ATF3","Atf3"
"ATG10",1,"up","ATG10","Atg10"
"ATG12",1,"down","ATG12","Atg12"
"ATG16L1",1,NA,"ATG16L1","Atg16l1"
"ATG4D",1,"down","ATG4D","Atg4d"
"ATG5",1,"down","ATG5","Atg5"
"ATG7",1,"down","ATG7","Atg7"
"ATP6V0A2",1,"down","ATP6V0A2","Atp6v0a2"
"ATRAID",1,"up","ATRAID","Atraid"
"ATRX",1,"up","ATRX","Atrx"
"ATXN10",1,"up","ATXN10","Atxn10"
"BAG3",1,"down","BAG3","Bag3"
"BAP1",1,"up","BAP1","Bap1"
"BCL11B",1,"down","BCL11B","Bcl11b"
"BCL2L2",1,"up","BCL2L2","Bcl2l2"
"BCLAF1",1,"up","BCLAF1","Bclaf1"
"BECN1",1,"down","BECN1","Becn1"
"BIN1",1,"up","BIN1","Bin1"
"BLK",1,"up","BLK","Blk"
"BLVRA",1,"down","BLVRA","Blvra"
"BMPR2",1,"up","BMPR2","Bmpr2"
"BMS1",1,"down","BMS1","Bms1"
"BNIP3L",1,"up","BNIP3L","Bnip3l"
"BTG1",1,"up","BTG1","Btg1"
"CAPNS1",1,"up","CAPNS1","Capns1"
"CARF",1,"up","CARF","Carf"
"CARM1",1,"down","CARM1","Carm1"
"CASP2",1,"up","CASP2","Casp2"
"CAVIN1",1,"up","CAVIN1","Cavin1"
"CCN2",1,"up","CCN2","Ccn2"
"CCN6",1,"up","CCN6","Ccn6"
"CD28",1,"down","CD28","Cd28"
"CD34",1,"up","CD34","Cd34"
"CD40LG",1,NA,"CD40LG","Cd40lg"
"CD82",1,"up","CD82","Cd82"
"CDH1",1,"down","CDH1","Cdh1"
"CDK18",1,"up","CDK18","Cdk18"
"CDK2AP1",1,"down","CDK2AP1","Cdk2ap1rt"
"CDK5",1,"up","CDK5","Cdk5"
"CDK5R1",1,"up","CDK5R1","Cdk5r1"
"CDKN1C",1,"up","CDKN1C","Cdkn1c"
"CEACAM1",1,"up","CEACAM1","Ceacam1"
"CHD5",1,"up","CHD5","Chd5"
"CHUK",1,"up","CHUK","Chuk"
"CLCA2",1,"up","CLCA2","Clca2"
"CLPP",1,"down","CLPP","Clpp"
"COX5B",1,"down","COX5B","Cox5b"
"CRISPLD2",1,"down","CRISPLD2","Crispld2"
"CSNK1A1",1,"down","CSNK1A1","Csnk1a1"
"CTH",1,"down","CTH","Cth"
"CUL4B",1,"down","CUL4B","Cul4b"
"CUX1",1,"down","CUX1","Cux1"
"CYB5R3",1,"down","CYB5R3","Cyb5r3"
"CYP26A1",1,"down","CYP26A1","Cyp26a1"
"DAO",1,"up","DAO","Dao"
"DDAH2",1,"down","DDAH2","Ddah2"
"DDB1",1,"down","DDB1","Ddb1"
"DDIT4",1,"down","DDIT4","Ddit4"
"DEPTOR",1,"down","DEPTOR","Deptor"
"DGCR8",1,"down","DGCR8","Dgcr8"
"DHRS2",1,"up","DHRS2","Dhrs2"
"DHX9",1,"down","DHX9","Dhx9"
"DIDO1",1,"down","DIDO1","Dido1"
"DIRAS3",1,"down","DIRAS3",NA
"DLC1",1,"up","DLC1","Dlc1"
"DMTF1",1,"up","DMTF1","Dmtf1"
"DOT1L",1,"down","DOT1L","Dot1l"
"DUSP1",1,"up","DUSP1","Dusp1"
"DUSP16",1,"down","DUSP16","Dusp16"
"DUSP21",1,"down","DUSP21","Dusp21"
"DYRK1A",1,"up","DYRK1A","Dyrk1a"
"EGLN1",1,"up","EGLN1","Egln1"
"EID3",1,"up","EID3","Eid3"
"EIF2AK2",1,"up","EIF2AK2","Eif2ak2"
"EIF2AK3",1,"down","EIF2AK3","Eif2ak3"
"EIF4E",1,NA,"EIF4E","Eif4e"
"EIF4G2",1,"down","EIF4G2","Eif4g2"
"ELOA",1,"down","ELOA","Eloa"
"ENDOG",1,"down","ENDOG","Endog"
"ENTPD7",1,"up","ENTPD7","Entpd7"
"EPHA3",1,"down","EPHA3","Epha3"
"EPHA5",1,"down","EPHA5","Epha5"
"ERVW-1",1,"up","ERVW-1",NA
"ESRRB",1,"up","ESRRB","Esrrb"
"ETV6",1,"up","ETV6","Etv6"
"FASN",1,"up","FASN","Fasn"
"FASTK",1,"up","FASTK","Fastk"
"FBXO22",1,"up","FBXO22","Fbxo22"
"FBXO31",1,"up","FBXO31","Fbxo31"
"FBXO4",1,"up","FBXO4","Fbxo4"
"FBXW11",1,"down","FBXW11","Fbxw11"
"FDPS",1,"down","FDPS","Fdps"
"FERMT1",1,"down","FERMT1","Fermt1"
"FERMT2",1,"down","FERMT2","Fermt2"
"FNTB",1,"down","FNTB","Fntb"
"FOXD1",1,NA,"FOXD1","Foxd1"
"FOXP1",1,"down","FOXP1","Foxp1"
"FOXP3",1,"up","FOXP3","Foxp3"
"FOXQ1",1,"down","FOXQ1","Foxq1"
"FXN",1,"down","FXN","Fxn"
"FXR1",1,"down","FXR1","Fxr1"
"GEMIN2",1,"up","GEMIN2","Gemin2"
"GKN1",1,"up","GKN1","Gkn1"
"GLI1",1,"down","GLI1","Gli1"
"GNMT",1,"up","GNMT","Gnmt"
"GPC3",1,"down","GPC3","Gpc3"
"GRIK2",1,"up","GRIK2","Grik2"
"GRK4",1,"up","GRK4","Grk4"
"GRK6",1,"up","GRK6","Grk6"
"GRPR",1,"down","GRPR","Grpr"
"GRSF1",1,"down","GRSF1","Grsf1"
"HAS1",1,"down","HAS1","Has1"
"HDAC7",1,"down","HDAC7","Hdac7"
"HIPK2",1,"up","HIPK2","Hipk2"
"HIVEP1",1,"down","HIVEP1","Hivep1"
"HK3",1,"up","HK3","Hk3"
"HMGCR",1,"down","HMGCR","Hmgcr"
"HOPX",1,"up","HOPX","Hopx"
"HOXA9",1,"down","HOXA9","Hoxa9"
"HS2ST1",1,"down","HS2ST1","Hs2st1"
"HSP90AB1",1,"down","HSP90AB1","Hsp90ab1"
"IKBKG",1,"up","IKBKG","Ikbkg"
"IL1R1",1,"up","IL1R1","Il1r1"
"IL24",1,"down","IL24","Il24"
"ILK",1,"down","ILK","Ilk"
"IMMT",1,"down","IMMT","Immt"
"ING2",1,"up","ING2","Ing2"
"ING5",1,"up","ING5","Ing5"
"INPP4B",1,"down","INPP4B","Inpp4b"
"IRAK4",1,"down","IRAK4","Irak4"
"ITPK1",1,"up","ITPK1","Itpk1"
"ITPKB",1,"up","ITPKB","Itpkb"
"ITPR2",1,"up","ITPR2","Itpr2"
"ITPR3",1,"up","ITPR3","Itpr3"
"ITSN2",1,"up","ITSN2","Itsn2"
"JPT1",1,"down","JPT1","Jpt1"
"KAT5",1,"up","KAT5","Kat5"
"KCNA1",1,"up","KCNA1","Kcna1"
"KDM4A",1,NA,"KDM4A","Kdm4a"
"KDM4C",1,"down","KDM4C","Kdm4c"
"KDM5B",1,"down","KDM5B","Kdm5b"
"KNDC1",1,"up","KNDC1","Kndc1"
"KRT19",1,"down","KRT19","Krt19"
"KSR2",1,NA,"KSR2","Ksr2"
"LATS1",1,"down","LATS1","Lats1"
"LATS2",1,"up","LATS2","Lats2"
"LAYN",1,"up","LAYN","Layn"
"LCN2",1,"down","LCN2","Lcn2"
"LEO1",1,NA,"LEO1","Leo1"
"LGALS3",1,"down","LGALS3","Lgals3"
"LIN52",1,NA,"LIN52","Lin52"
"LIN54",1,"down","LIN54","Lin54"
"LNCTAM34A",1,"down","LNCTAM34A",NA
"LPAR3",1,"down","LPAR3","Lpar3"
"LRRK2",1,NA,"LRRK2","Lrrk2"
"LY6D",1,"up","LY6D","Ly6d"
"MAD1L1",1,"up","MAD1L1","Mad1l1"
"MAEL",1,"down","MAEL","Mael"
"MAF",1,"down","MAF","Maf"
"MAGOHB",1,"down","MAGOHB","Magohb"
"MAP3K7",1,"up","MAP3K7","Map3k7"
"MARCHF5",1,"down","MARCHF5","Marchf5"
"MAST1",1,"up","MAST1","Mast1"
"MATK",1,"up","MATK","Matk"
"MAVS",1,"up","MAVS","Mavs"
"MCAM",1,"down","MCAM","Mcam"
"MCU",1,"up","MCU","Mcu"
"MDH1",1,"down","MDH1","Mdh1"
"MDP1",1,"up","MDP1","Mdp1"
"ME1",1,"down","ME1","Me1"
"ME2",1,"down","ME2","Me2"
"MED12",1,"down","MED12","Med12"
"MEF2A",1,"down","MEF2A","Mef2a"
"MEIS2",1,"down","MEIS2","Meis2"
"MEN1",1,"up","MEN1","Men1"
"MEOX1",1,"up","MEOX1","Meox1"
"MET",1,"down","MET","Met"
"METTL14",1,"up","METTL14","Mettl14"
"MITF",1,NA,"MITF","Mitf"
"MKRN1",1,"down","MKRN1","Mkrn1"
"MME",1,"up","MME","Mme"
"MNX1",1,"up","MNX1","Mnx1"
"MOB3A",1,"up","MOB3A","Mob3a"
"MORF4L1",1,"down","MORF4L1","Morf4l1"
"MOS",1,"up","MOS","Mos"
"MRTFA",1,"down","MRTFA","Mrtfa"
"MRTFB",1,"down","MRTFB","Mrtfb"
"MST1",1,"up","MST1","Mst1"
"MT1G",1,"up","MT1G","Mt1"
"MTDH",1,"down","MTDH","Mtdh"
"MUC4",1,"down","MUC4","Muc4"
"MUS81",1,"down","MUS81","Mus81"
"MYBBP1A",1,"down","MYBBP1A","Mybbp1a"
"MYCN",1,"down","MYCN","Mycn"
"MYD88",1,"down","MYD88","Myd88"
"NACC1",1,"down","NACC1","Nacc1"
"NADK",1,"up","NADK","Nadk"
"NBR1",1,"down","NBR1","Nbr1"
"NCAPH2",1,"up","NCAPH2","Ncaph2"
"NDST2",1,"up","NDST2","Ndst2"
"NEDD4",1,"down","NEDD4","Nedd4"
"NEK1",1,"down","NEK1","Nek1"
"NEK4",1,"up","NEK4","Nek4"
"NEK9",1,"down","NEK9","Nek9"
"NF1",1,"down","NF1","Nf1"
"NF2",1,"up","NF2","Nf2"
"NHEJ1",1,"down","NHEJ1","Nhej1"
"NIPA2",1,"down","NIPA2","Nipa2"
"NLK",1,"down","NLK","Nlk"
"NLRX1",1,"up","NLRX1","Nlrx1"
"NOLC1",1,"up","NOLC1","Nolc1"
"NOTCH1",1,"up","NOTCH1","Notch1"
"NOTCH3",1,"up","NOTCH3","Notch3"
"NR2E1",1,NA,"NR2E1","Nr2e1"
"NRF1",1,"down","NRF1","Nrf1"
"NRSN2",1,"up","NRSN2","Nrsn2"
"NSUN2",1,"down","NSUN2","Nsun2"
"NUAK2",1,"down","NUAK2","Nuak2"
"NUDT5",1,"down","NUDT5","Nudt5"
"NUTF2",1,"down","NUTF2","Nutf2-ps1"
"OGT",1,"up","OGT","Ogt"
"ORAI1",1,"up","ORAI1","Orai1"
"OTX2",1,"up","OTX2","Otx2"
"OXTR",1,"down","OXTR","Oxtr"
"P2RY14",1,"down","P2RY14","P2ry14"
"P3H1",1,"down","P3H1","P3h1"
"PAK2",1,"up","PAK2","Pak2"
"PAK4",1,"up","PAK4","Pak4"
"PARK7",1,"down","PARK7","Park7"
"PATZ1",1,"down","PATZ1","Patz1"
"PAX8",1,"down","PAX8","Pax8"
"PCGF2",1,"up","PCGF2","Pcgf2"
"PDCD10",1,"up","PDCD10","Pdcd10"
"PDCD11",1,"down","PDCD11","Pdcd11"
"PDCD4",1,"down","PDCD4","Pdcd4"
"PDIK1L",1,"up","PDIK1L","Pdik1l"
"PDZD2",1,"up","PDZD2","Pdzd2"
"PELP1",1,"down","PELP1","Pelp1"
"PES1",1,"down","PES1","Pes1"
"PEX19",1,"up","PEX19","Pex19"
"PI4KB",1,"up","PI4KB","Pi4kb"
"PIK3C2A",1,NA,"PIK3C2A","Pik3c2a"
"PIK3R5",1,"up","PIK3R5","Pik3r5"
"PINX1",1,"up","PINX1","Pinx1"
"PIR",1,"down","PIR","Pir"
"PITX1",1,"up","PITX1","Pitx1"
"PLA2G2A",1,"up","PLA2G2A","Pla2g2a"
"PLD2",1,"down","PLD2","Pld2"
"PMVK",1,"up","PMVK","Pmvk"
"POU3F1",1,"up","POU3F1","Pou3f1"
"PPIB",1,"down","PPIB","Ppib"
"PPM1B",1,"down","PPM1B","Ppm1b"
"PPP2R1A",1,"up","PPP2R1A","Ppp2r1a"
"PPP2R5A",1,"up","PPP2R5A","Ppp2r5a"
"PRKCH",1,"up","PRKCH","Prkch"
"PRKD1",1,"up","PRKD1","Prkd1"
"PRKD2",1,"down","PRKD2","Prkd2"
"PRPF19",1,"down","PRPF19","Prpf19"
"PSMA2",1,"down","PSMA2","Psma2"
"PSMA5",1,"down","PSMA5","Psma5"
"PSMB1",1,"down","PSMB1","Psmb1"
"PTPN6",1,"down","PTPN6","Ptpn6"
"PURB",1,"up","PURB","Purb"
"PYGL",1,"down","PYGL","Pygl"
"RACK1",1,"down","RACK1","Rack1"
"RAD23B",1,"down","RAD23B","Rad23b"
"RAD51C",1,"down","RAD51C","Rad51c"
"RANBP9",1,"down","RANBP9","Ranbp9"
"RAP1GAP",1,"up","RAP1GAP","Rap1gap"
"RAPGEF4",1,"down","RAPGEF4","Rapgef4"
"RARB",1,"up","RARB","Rarb"
"RASSF4",1,"down","RASSF4","Rassf4"
"RBM39",1,"down","RBM39","Rbm39"
"RBPJ",1,"up","RBPJ","Rbpj"
"RCC1",1,"down","RCC1","Rcc1"
"RECK",1,"down","RECK","Reck"
"RELB",1,"up","RELB","Relb"
"RNASEH2B",1,"down","RNASEH2B","Rnaseh2b"
"ROMO1",1,"up","ROMO1","Romo1"
"RPL11",1,"up","RPL11","Rpl11"
"RPS14",1,"up","RPS14","Rps14"
"RPTOR",1,"up","RPTOR","Rptor"
"RRAD",1,"down","RRAD","Rrad"
"RRAS2",1,"down","RRAS2","Rras2"
"RRP8",1,"up","RRP8","Rrp8"
"RTN4",1,"up","RTN4","Rtn4"
"SALL1",1,"up","SALL1","Sall1"
"SAMHD1",1,"down","SAMHD1","Samhd1"
"SAT2",1,"down","SAT2","Sat2"
"SELENOH",1,"down","SELENOH","Selenoh"
"SETD1A",1,"down","SETD1A","Setd1a"
"SFN",1,"up","SFN","Sfn"
"SGK1",1,"down","SGK1","Sgk1"
"SIAH1",1,"up","SIAH1","Siah1a"
"SIK1",1,"up","SIK1","Sik1"
"SIX6",1,NA,"SIX6","Six6"
"SLC52A1",1,"down","SLC52A1","Slc52a2"
"SLC5A2",1,"up","SLC5A2","Slc5a2"
"SMARCA4",1,"down","SMARCA4","Smarca4"
"SMC1A",1,"down","SMC1A","Smc1a"
"SMG1",1,"down","SMG1","Smg1"
"SORBS2",1,"up","SORBS2","Sorbs2"
"SOX1",1,"up","SOX1","Sox1"
"SPAG9",1,"down","SPAG9","Spag9"
"SPI1",1,"up","SPI1","Spi1"
"SPIN1",1,"up","SPIN1","Spin1"
"SPOP",1,"up","SPOP","Spop"
"SRSF2",1,"down","SRSF2","Srsf2"
"SSX2",1,"up","SSX2",NA
"STAG2",1,"up","STAG2","Stag2"
"STIM1",1,NA,"STIM1","Stim1"
"STK32C",1,"up","STK32C","Stk32c"
"STK4",1,"up","STK4","Stk4"
"STK40",1,"up","STK40","Stk40"
"STN1",1,"down","STN1","Stn1"
"SUMO3",1,"up","SUMO3","Sumo3"
"SUPT5H",1,"down","SUPT5H","Supt5"
"SYK",1,"up","SYK","Syk"
"TBK1",1,"down","TBK1","Tbk1"
"TBPL1",1,"up","TBPL1","Tbpl1"
"TEAD1",1,"down","TEAD1","Tead1"
"TEAD4",1,"down","TEAD4","Tead4"
"TFG",1,"down","TFG","Tfg"
"TGFB1I1",1,"up","TGFB1I1","Tgfb1i1"
"TGFBR2",1,NA,"TGFBR2","Tgfbr2"
"TLR10",1,"up","TLR10",NA
"TLR8",1,"down","TLR8","Tlr8"
"TOM1",1,"up","TOM1","Tom1"
"TOP3A",1,"up","TOP3A","Top3a"
"TP53BP2",1,"up","TP53BP2","Trp53bp2"
"TP53I3",1,"down","TP53I3",NA
"TPP1",1,"down","TPP1","Tpp1"
"TPR",1,"down","TPR","Tpr"
"TRPM7",1,"down","TRPM7","Trpm7"
"TRRAP",1,"down","TRRAP","Trrap"
"TYK2",1,"up","TYK2","Tyk2"
"UBE2N",1,"down","UBE2N","Ube2n"
"UBE2V1",1,"down","UBE2V1","Ube2v1"
"UBE2V2",1,"down","UBE2V2","Ube2v2"
"UBTD1",1,"up","UBTD1","Ubtd1"
"UTP6",1,"down","UTP6","Utp6"
"VDR",1,"down","VDR","Vdr"
"VENTX",1,"up","VENTX",NA
"WEE1",1,"down","WEE1","Wee1"
"WIF1",1,"up","WIF1","Wif1"
"WIPI1",1,"down","WIPI1","Wipi1"
"WNT7B",1,"down","WNT7B","Wnt7b"
"WSB1",1,"down","WSB1","Wsb1"
"WT1",1,"down","WT1","Wt1"
"WWP1",1,"down","WWP1","Wwp1"
"XAF1",1,"up","XAF1","Xaf1"
"XIAP",1,"down","XIAP","Xiap"
"XPC",1,"down","XPC","Xpc"
"YWHAB",1,"down","YWHAB","Ywhab"
"ZCCHC10",1,"up","ZCCHC10","Zcchc10"
"ZDHHC3",1,"down","ZDHHC3","Zdhhc3"
"ZFP36",1,"up","ZFP36","Zfp36"
"ZFX",1,"down","ZFX","Zfx"
"ZNF207",1,"down","ZNF207","Zfp207"
"ZNF217",1,"down","ZNF217","Zfp217"
"CCL25",1,NA,"CCL25","Ccl25"
"IQGAP1",1,NA,"IQGAP1","Iqgap1"
"ACBD7",1,"down","ACBD7","Acbd7"
"ACP5",1,"up","ACP5","Acp5"
"ACSL3",1,"down","ACSL3","Acsl3"
"ACTC1",1,"up","ACTC1","Actc1"
"ADAMTS1",1,"down","ADAMTS1","Adamts1"
"ADAMTSL3",1,"up","ADAMTSL3","Adamtsl3"
"ADCY3",1,"down","ADCY3","Adcy3"
"ADCY6",1,"up","ADCY6","Adcy6"
"ADGRG1",1,"up","ADGRG1","Adgrg1"
"ADH5",1,"down","ADH5","Adh5"
"ADM2",1,"up","ADM2","Adm2"
"ADTRP",1,"up","ADTRP","Adtrp"
"AGRN",1,"up","AGRN","Agrn"
"AHNAK",1,"down","AHNAK","Ahnak"
"AK5",1,"down","AK5","Ak5"
"AKR1C2",1,"down","AKR1C2","Akr1c20"
"ALDH1A3",1,"up","ALDH1A3","Aldh1a3"
"ALDH1L2",1,"up","ALDH1L2","Aldh1l2"
"ALDH6A1",1,"down","ALDH6A1","Aldh6a1"
"ALOX5AP",1,"up","ALOX5AP","Alox5ap"
"ANGPTL2",1,"up","ANGPTL2","Angptl2"
"APLN",1,"down","APLN","Apln"
"APOD",1,"up","APOD","Apod"
"APOL1",1,"up","APOL1","Apol9a"
"ARFGEF3",1,"up","ARFGEF3","Arfgef3"
"ARHGAP11B",1,"down","ARHGAP11B","Arhgap11a"
"ARHGAP19",1,"down","ARHGAP19","Arhgap19"
"ARID5B",1,"down","ARID5B","Arid5b"
"ARL4A",1,"up","ARL4A","Arl4a"
"ARNT2",1,"down","ARNT2","Arnt2"
"ARSG",1,"up","ARSG","Arsg"
"ASB2",1,"up","ASB2","Asb2"
"ATOH8",1,"down","ATOH8","Atoh8"
"ATP2B1",1,"down","ATP2B1","Atp2b1"
"ATP6V1H",1,"up","ATP6V1H","Atp6v1h"
"AUNIP",1,"down","AUNIP","Aunip"
"B2M",1,"up","B2M","B2m"
"B3GALNT1",1,"down","B3GALNT1","B3galnt1"
"BACE1",1,"up","BACE1","Bace1"
"BBC3",1,"up","BBC3","Bbc3"
"BCAT1",1,"up","BCAT1","Bcat1"
"BCL2A1",1,"up","BCL2A1","Bcl2a1b"
"BEGAIN",1,"up","BEGAIN","Begain"
"BFSP1",1,"up","BFSP1","Bfsp1"
"BID",1,"up","BID","Bid"
"BMP1",1,"up","BMP1","Bmp1"
"BOK",1,"up","BOK","Bok"
"BSG",1,"up","BSG","Bsg"
"BST2",1,"up","BST2","Bst2"
"BTK",1,"up","BTK","Btk"
"C15ORF48",1,"up","C15ORF48",NA
"C18ORF54",1,"down","C18ORF54",NA
"C1QTNF6",1,"up","C1QTNF6","C1qtnf6"
"C1R",1,"up","C1R","C1rb"
"C1ORF112",1,"down","C1ORF112",NA
"C5",1,"down","C5","Hc"
"C5ORF34",1,"down","C5ORF34",NA
"CA11",1,"up","CA11","Car11"
"CA12",1,"down","CA12","Car12"
"CALU",1,"up","CALU","Calu"
"CAMK2A",1,"down","CAMK2A","Camk2a"
"CAMK2B",1,"up","CAMK2B","Camk2b"
"CASKIN1",1,"up","CASKIN1","Caskin1"
"CAST",1,"up","CAST","Cast"
"CCDC167",1,"down","CCDC167","Ccdc167"
"CCDC18",1,"down","CCDC18","Ccdc18"
"CCDC34",1,"down","CCDC34","Ccdc34"
"CCDC80",1,"up","CCDC80","Ccdc80"
"CCDC88C",1,"up","CCDC88C","Ccdc88c"
"CCL11",1,"up","CCL11","Ccl11"
"CCNO",1,"up","CCNO","Ccno"
"CD37",1,"down","CD37","Cd37"
"CD63",1,"up","CD63","Cd63"
"CD74",1,"down","CD74","Cd74"
"CD99L2",1,"up","CD99L2","Cd99l2"
"CDH5",1,"down","CDH5","Cdh5"
"CDS2",1,"up","CDS2","Cds2"
"CEL",1,"up","CEL","Cel"
"CELSR2",1,"up","CELSR2","Celsr2"
"CENPO",1,"down","CENPO","Cenpo"
"CES3",1,"up","CES3","Ces3b"
"CFD",1,"up","CFD","Cfd"
"CHI3L1",1,"up","CHI3L1","Chi3l1"
"CHTF18",1,"down","CHTF18","Chtf18"
"CITED4",1,"up","CITED4","Cited4"
"CNIH3",1,"up","CNIH3","Cnih3"
"CNTNAP1",1,"up","CNTNAP1","Cntnap1"
"COL12A1",1,"up","COL12A1","Col12a1"
"COL4A1",1,"up","COL4A1","Col4a1"
"COL4A2",1,"up","COL4A2","Col4a2"
"COL4A5",1,"up","COL4A5","Col4a5"
"COL5A1",1,"up","COL5A1","Col5a1"
"COL7A1",1,"up","COL7A1","Col7a1"
"COPS5",1,"down","COPS5","Cops5"
"COTL1",1,"down","COTL1","Cotl1"
"COX17",1,"up","COX17","Cox17"
"CPEB2",1,"up","CPEB2","Cpeb2"
"CPM",1,"down","CPM","Cpm"
"CRABP2",1,"up","CRABP2","Crabp2"
"CRIM1",1,"up","CRIM1","Crim1"
"CSPG4",1,"up","CSPG4","Cspg4"
"CSRP1",1,"up","CSRP1","Csrp1"
"CSRP2",1,"down","CSRP2","Csrp2"
"CTSS",1,"up","CTSS","Ctss"
"CX3CL1",1,"up","CX3CL1","Cx3cl1"
"CXADR",1,"up","CXADR","Cxadr"
"CXCL14",1,"up","CXCL14","Cxcl14"
"CXCR4",1,"up","CXCR4","Cxcr4"
"CXXC4",1,"up","CXXC4","Cxxc4"
"CYBRD1",1,"up","CYBRD1","Cybrd1"
"CYP1B1",1,"up","CYP1B1","Cyp1b1"
"CYP26B1",1,"up","CYP26B1","Cyp26b1"
"DAPP1",1,"down","DAPP1","Dapp1"
"DBF4B",1,"down","DBF4B",NA
"DCLK1",1,"up","DCLK1","Dclk1"
"DDR2",1,"up","DDR2","Ddr2"
"DGAT2",1,"up","DGAT2","Dgat2"
"DIAPH3",1,"down","DIAPH3","Diaph3"
"DKK2",1,"up","DKK2","Dkk2"
"DMC1",1,"down","DMC1","Dmc1"
"DMKN",1,"up","DMKN","Dmkn"
"DNASE2",1,"up","DNASE2","Dnase2a"
"DOCK9",1,"up","DOCK9","Dock9"
"DPYD",1,"down","DPYD","Dpyd"
"DSE",1,"up","DSE","Dse"
"DSP",1,"up","DSP","Dsp"
"DST",1,"up","DST","Dst"
"DUSP5",1,"up","DUSP5","Dusp5"
"EBI3",1,"up","EBI3","Ebi3"
"ECM1",1,"up","ECM1","Ecm1"
"EDNRA",1,"down","EDNRA","Ednra"
"EFEMP2",1,"up","EFEMP2","Efemp2"
"EHD1",1,"up","EHD1","Ehd1"
"ELK3",1,"down","ELK3","Elk3"
"EME1",1,"down","EME1","Eme1"
"EMG1",1,"down","EMG1","Emg1"
"EMP1",1,"down","EMP1","Emp1"
"ENDOD1",1,"up","ENDOD1","Endod1"
"ENO2",1,"up","ENO2","Eno2"
"ENO3",1,"up","ENO3","Eno3"
"ENPP4",1,"up","ENPP4","Enpp4"
"EPPK1",1,"up","EPPK1","Eppk1"
"ERG",1,"up","ERG","Erg"
"EYA2",1,"up","EYA2","Eya2"
"FABP4",1,"down","FABP4","Fabp4"
"FAM72B",1,"down","FAM72B","Fam72a"
"FAM98A",1,"up","FAM98A","Fam98a"
"FANCB",1,"down","FANCB","Fancb"
"FANCC",1,"down","FANCC","Fancc"
"FBN1",1,"up","FBN1","Fbn1"
"FBXO43",1,"down","FBXO43","Fbxo43"
"FCGRT",1,"up","FCGRT","Fcgrt"
"FLNA",1,"down","FLNA","Flna"
"FOSB",1,"down","FOSB","Fosb"
"FOSL1",1,"down","FOSL1","Fosl1"
"FRZB",1,"down","FRZB","Frzb"
"G0S2",1,"up","G0S2","G0s2"
"GABPA",1,"down","GABPA","Gabpa"
"GABRQ",1,"up","GABRQ","Gabrq"
"GADD45B",1,"up","GADD45B","Gadd45b"
"GADD45GIP1",1,"down","GADD45GIP1","Gadd45gip1"
"GALNT12",1,"up","GALNT12","Galnt12"
"GAMT",1,"up","GAMT","Gamt"
"GAS1",1,"down","GAS1","Gas1"
"GATA6",1,"up","GATA6","Gata6"
"GBE1",1,"up","GBE1","Gbe1"
"GBP1",1,"up","GBP1","Gbp2"
"GDNF",1,"up","GDNF","Gdnf"
"GLRB",1,"up","GLRB","Glrb"
"GMDS",1,"down","GMDS","Gmds"
"GPATCH4",1,"down","GPATCH4","Gpatch4"
"GPR1",1,"up","GPR1",NA
"GPRC5A",1,"up","GPRC5A","Gprc5a"
"GRIA4",1,"down","GRIA4","Gria4"
"GSN",1,"up","GSN","Gsn"
"GTPBP4",1,"down","GTPBP4","Gtpbp4"
"H19",1,"down","H19",NA
"H2AX",1,"up","H2AX","H2ax"
"HCN3",1,"up","HCN3","Hcn3"
"HEPHL1",1,"up","HEPHL1","Hephl1"
"HERC5",1,"up","HERC5",NA
"HES2",1,"up","HES2","Hes2"
"HES4",1,"up","HES4",NA
"HEXA",1,"up","HEXA","Hexa"
"HEY1",1,"down","HEY1","Hey1"
"HIVEP3",1,"up","HIVEP3","Hivep3"
"HK2",1,"down","HK2","Hk2"
"HLA-A",1,"up","HLA-A",NA
"HLA-DMA",1,"up","HLA-DMA","H2-DMa"
"HSPB7",1,"up","HSPB7","Hspb7"
"HSPG2",1,"up","HSPG2","Hspg2"
"ID3",1,"down","ID3","Id3"
"IDUA",1,"up","IDUA","Idua"
"IFI30",1,"up","IFI30","Ifi30"
"IFI44L",1,"up","IFI44L","Ifi44l"
"IFITM1",1,"up","IFITM1","Ifitm1"
"IFITM10",1,"up","IFITM10","Ifitm10"
"IGF2BP2",1,"up","IGF2BP2","Igf2bp2"
"IL12A",1,"up","IL12A","Il12a"
"IL16",1,"down","IL16","Il16"
"IL23A",1,"up","IL23A","Il23a"
"IQGAP3",1,"down","IQGAP3","Iqgap3"
"IRF2BP2",1,"up","IRF2BP2","Irf2bp2"
"ITGA1",1,"down","ITGA1","Itga1"
"ITGA3",1,"up","ITGA3","Itga3"
"ITGA4",1,"down","ITGA4","Itga4"
"ITGA7",1,"up","ITGA7","Itga7"
"ITGB1",1,"up","ITGB1","Itgb1"
"JAG2",1,"up","JAG2","Jag2"
"JAK1",1,"up","JAK1","Jak1"
"KANK2",1,"down","KANK2","Kank2"
"KAT2B",1,"up","KAT2B","Kat2b"
"KCNC4",1,"up","KCNC4","Kcnc4"
"KCNJ8",1,"down","KCNJ8","Kcnj8"
"KDM4D",1,"down","KDM4D","Kdm4d"
"KIF24",1,"down","KIF24","Kif24"
"KLF15",1,"down","KLF15","Klf15"
"KLF2",1,"down","KLF2","Klf2"
"KRT7",1,"up","KRT7","Krt7"
"LAMA4",1,"down","LAMA4","Lama4"
"LAMA5",1,"up","LAMA5","Lama5"
"LAMB1",1,"up","LAMB1","Lamb1"
"LARP6",1,"up","LARP6","Larp6"
"LDHA",1,"up","LDHA","Ldha"
"LFNG",1,"up","LFNG","Lfng"
"LGALS3BP",1,"up","LGALS3BP","Lgals3bp"
"LIPE",1,"down","LIPE","Lipe"
"LMO2",1,"up","LMO2","Lmo2"
"LOXL4",1,"up","LOXL4","Loxl4"
"LPAR2",1,"down","LPAR2","Lpar2"
"LPAR6",1,"down","LPAR6","Lpar6"
"LPL",1,"down","LPL","Lpl"
"LSP1",1,"down","LSP1","Lsp1"
"LTBP2",1,"up","LTBP2","Ltbp2"
"MAMLD1",1,"up","MAMLD1","Mamld1"
"MAN2A1",1,"up","MAN2A1","Man2a1"
"MAOA",1,"up","MAOA","Maoa"
"MAP1B",1,"up","MAP1B","Map1b"
"MAP1LC3A",1,"up","MAP1LC3A","Map1lc3a"
"MDGA1",1,"up","MDGA1","Mdga1"
"MEGF6",1,"up","MEGF6","Megf6"
"MEOX2",1,"up","MEOX2","Meox2"
"METTL7A",1,"down","METTL7A",NA
"MFAP4",1,"down","MFAP4","Mfap4"
"MFAP5",1,"up","MFAP5","Mfap5"
"MFN2",1,"up","MFN2","Mfn2"
"MICA",1,"up","MICA","Mill2"
"MICB",1,"up","MICB","Mill2"
"MIR23A",1,"up","MIR23A","Mir23a"
"MIR27B",1,"up","MIR27B","Mir27b"
"MMP11",1,"up","MMP11","Mmp11"
"MOXD1",1,"down","MOXD1","Moxd1"
"MSC",1,"up","MSC","Msc"
"MSMO1",1,"down","MSMO1","Msmo1"
"MSX2",1,"down","MSX2","Msx2"
"MTFP1",1,"down","MTFP1","Mtfp1"
"MUC1",1,"up","MUC1","Muc1"
"MXD3",1,"down","MXD3","Mxd3"
"MYL9",1,"up","MYL9","Myl9"
"MYO1D",1,"up","MYO1D","Myo1d"
"NBL1",1,"down","NBL1","Nbl1"
"NCF2",1,"up","NCF2","Ncf2"
"NEDD1",1,"down","NEDD1","Nedd1"
"NEDD9",1,"down","NEDD9","Nedd9"
"NFAT5",1,"up","NFAT5","Nfat5"
"NFIA",1,"down","NFIA","Nfia"
"NID1",1,"up","NID1","Nid1"
"NLRP3",1,"up","NLRP3","Nlrp3"
"NMNAT2",1,"up","NMNAT2","Nmnat2"
"NOP16",1,"down","NOP16","Nop16"
"NOS2",1,"up","NOS2","Nos2"
"NOS3",1,"down","NOS3","Nos3"
"NOSTRIN",1,"down","NOSTRIN","Nostrin"
"NPEPPS",1,"up","NPEPPS","Npepps"
"NPR3",1,"up","NPR3","Npr3"
"NR3C2",1,"up","NR3C2","Nr3c2"
"NSG1",1,"up","NSG1","Nsg1"
"NTM",1,"down","NTM","Ntm"
"NTN1",1,"up","NTN1","Ntn1"
"NUP210",1,"up","NUP210","Nup210"
"NUP88",1,"down","NUP88","Nup88"
"NUPR1",1,"up","NUPR1","Nupr1"
"ORC3",1,"down","ORC3","Orc3"
"PABPC1",1,"down","PABPC1","Pabpc1"
"PALLD",1,"up","PALLD","Palld"
"PARD6A",1,"up","PARD6A","Pard6a"
"PARP14",1,"up","PARP14","Parp14"
"PARP9",1,"up","PARP9","Parp9"
"PCSK1N",1,"up","PCSK1N","Pcsk1n"
"PDE2A",1,"down","PDE2A","Pde2a"
"PDE4C",1,"up","PDE4C","Pde4c"
"PDLIM4",1,"up","PDLIM4","Pdlim4"
"PF4",1,"up","PF4","Pf4"
"PIF1",1,"down","PIF1","Pif1"
"PLEKHA4",1,"up","PLEKHA4","Plekha4"
"PLK3",1,"up","PLK3","Plk3"
"PMAIP1",1,"up","PMAIP1","Pmaip1"
"PMEPA1",1,"up","PMEPA1","Pmepa1"
"PPARGC1B",1,"up","PPARGC1B","Ppargc1b"
"PPIF",1,"up","PPIF","Ppif"
"PPP3CC",1,"up","PPP3CC","Ppp3cc"
"PPP5C",1,"down","PPP5C","Ppp5c"
"PRDX2",1,"down","PRDX2","Prdx2"
"PRDX4",1,"up","PRDX4","Prdx4"
"PRKAB2",1,"up","PRKAB2","Prkab2"
"PROCR",1,"up","PROCR","Procr"
"PRRT2",1,"up","PRRT2","Prrt2"
"PTGDS",1,"up","PTGDS","Ptgds"
"PTHLH",1,"down","PTHLH","Pthlh"
"PTN",1,"down","PTN","Ptn"
"PTTG3P",1,"down","PTTG3P","Pttg1"
"PVR",1,"up","PVR","Pvr"
"PXDN",1,"up","PXDN","Pxdn"
"RAB1A",1,"up","RAB1A","Rab1a"
"RAB39B",1,"up","RAB39B","Rab39b"
"RAB3B",1,"down","RAB3B","Rab3b"
"RAB7A",1,"up","RAB7A","Rab7"
"RALY",1,"down","RALY","Raly"
"RAPGEF3",1,"down","RAPGEF3","Rapgef3"
"RARRES2",1,"down","RARRES2","Rarres2"
"RASD1",1,"up","RASD1","Rasd1"
"RCAN1",1,"up","RCAN1","Rcan1"
"RDH11",1,"down","RDH11","Rdh11"
"RDX",1,"up","RDX","Rdx"
"REPS2",1,"up","REPS2","Reps2"
"RFC5",1,"down","RFC5","Rfc5"
"RGCC",1,"down","RGCC","Rgcc"
"RGS4",1,"down","RGS4","Rgs4"
"RHBDF2",1,"up","RHBDF2","Rhbdf2"
"RNF128",1,"up","RNF128","Rnf128"
"RNF144B",1,"up","RNF144B","Rnf144b"
"RNF213",1,"up","RNF213","Rnf213"
"RNFT2",1,"down","RNFT2","Rnft2"
"RORA",1,"up","RORA","Rora"
"RPA2",1,"down","RPA2","Rpa2"
"RPE65",1,"up","RPE65","Rpe65"
"RPF2",1,"down","RPF2","Rpf2"
"RPS29",1,"up","RPS29","Rps29"
"RRAGD",1,"up","RRAGD","Rragd"
"RSL1D1",1,"down","RSL1D1","Rsl1d1"
"RXRA",1,"down","RXRA","Rxra"
"S100A16",1,"up","S100A16","S100a16"
"S100A4",1,"up","S100A4","S100a4"
"S1PR1",1,"down","S1PR1","S1pr1"
"SAA1",1,"up","SAA1","Saa1"
"SDF2",1,"up","SDF2","Sdf2"
"SEMA6D",1,"up","SEMA6D","Sema6d"
"SERPINA1",1,"up","SERPINA1","Serpina1a"
"SERPINA3",1,"up","SERPINA3","Serpina3f"
"SERPINA4",1,"down","SERPINA4",NA
"SGPP2",1,"up","SGPP2","Sgpp2"
"SHB",1,"down","SHB","Shb"
"SLC12A4",1,"up","SLC12A4","Slc12a4"
"SLC16A1",1,"up","SLC16A1","Slc16a1"
"SLC20A1",1,"up","SLC20A1","Slc20a1"
"SLC2A1",1,"up","SLC2A1","Slc2a1"
"SLC2A10",1,"up","SLC2A10","Slc2a10"
"SLC48A1",1,"up","SLC48A1","Slc48a1"
"SLC7A8",1,"up","SLC7A8","Slc7a8"
"SLC9A3R2",1,"down","SLC9A3R2",NA
"SMO",1,"down","SMO","Smo"
"SMTN",1,"down","SMTN","Smtn"
"SNAI2",1,"down","SNAI2","Snai2"
"SOCS3",1,"down","SOCS3","Socs3"
"SOD3",1,"up","SOD3","Sod3"
"SORBS3",1,"up","SORBS3","Sorbs3"
"SOX9",1,"down","SOX9","Sox9"
"SPC24",1,"down","SPC24","Spc24"
"SPDL1",1,"down","SPDL1","Spdl1"
"SPECC1L",1,"down","SPECC1L","Specc1l"
"SPIRE2",1,"up","SPIRE2","Spire2"
"SPOCK1",1,"up","SPOCK1","Spock1"
"SPON2",1,"up","SPON2","Spon2"
"SPRED1",1,"down","SPRED1","Spred1"
"SPRY2",1,"down","SPRY2","Spry2"
"SPRYD3",1,"up","SPRYD3","Spryd3"
"SPTAN1",1,"up","SPTAN1","Sptan1"
"SRGN",1,"down","SRGN","Srgn"
"SRI",1,"down","SRI","Sri"
"SRRT",1,"up","SRRT","Srrt"
"ST8SIA5",1,"up","ST8SIA5","St8sia5"
"STEAP3",1,"up","STEAP3","Steap3"
"STK24",1,"down","STK24","Stk24"
"STX4",1,"up","STX4","Stx4a"
"SVEP1",1,"up","SVEP1","Svep1"
"SYNE1",1,"down","SYNE1","Syne1"
"SYNE2",1,"down","SYNE2","Syne2"
"SYNE3",1,"down","SYNE3","Syne3"
"SYNPO",1,"up","SYNPO","Synpo"
"TACSTD2",1,"up","TACSTD2","Tacstd2"
"TAGLN2",1,"down","TAGLN2","Tagln2"
"TAP2",1,"up","TAP2","Tap2"
"TCF4",1,"down","TCF4","Tcf4"
"TENM2",1,"up","TENM2","Tenm2"
"TGFB3",1,"down","TGFB3","Tgfb3"
"TGIF1",1,"down","TGIF1","Tgif1"
"THBD",1,"up","THBD","Thbd"
"THBS2",1,"up","THBS2","Thbs2"
"THBS4",1,"down","THBS4","Thbs4"
"THOC6",1,"down","THOC6","Thoc6"
"TIAM1",1,"up","TIAM1","Tiam1"
"TICRR",1,"down","TICRR","Ticrr"
"TM4SF1",1,"down","TM4SF1","Tm4sf1"
"TMED2",1,"down","TMED2","Tmed2"
"TMEM229B",1,"up","TMEM229B","Tmem229b"
"TNC",1,"down","TNC","Tnc"
"TNFAIP3",1,"up","TNFAIP3","Tnfaip3"
"TNFAIP8L3",1,"up","TNFAIP8L3","Tnfaip8l3"
"TNFSF11",1,"up","TNFSF11","Tnfsf11"
"TNKS1BP1",1,"up","TNKS1BP1","Tnks1bp1"
"TOX2",1,"up","TOX2","Tox2"
"TPBG",1,"down","TPBG","Tpbg"
"TPD52L1",1,"down","TPD52L1","Tpd52l1"
"TRABD2A",1,"down","TRABD2A",NA
"TRAF1",1,"up","TRAF1","Traf1"
"TRAF6",1,"down","TRAF6","Traf6"
"TRAIP",1,"down","TRAIP","Traip"
"TRIM9",1,"up","TRIM9","Trim9"
"TSC22D3",1,"up","TSC22D3","Tsc22d3"
"TSPAN9",1,"up","TSPAN9","Tspan9"
"TSPYL2",1,"up","TSPYL2","Tspyl2"
"TUBB1",1,"down","TUBB1","Tubb1"
"TUBB2A",1,"down","TUBB2A","Tubb2a"
"TXNDC16",1,"up","TXNDC16","Txndc16"
"UACA",1,"down","UACA","Uaca"
"UCK2",1,"down","UCK2","Uck2"
"ULBP1",1,"up","ULBP1","Ulbp1"
"UPP1",1,"up","UPP1","Upp1"
"USP16",1,"down","USP16","Usp16"
"VCL",1,"up","VCL","Vcl"
"VIM",1,"up","VIM","Vim"
"VSNL1",1,"up","VSNL1","Vsnl1"
"WDR62",1,"down","WDR62","Wdr62"
"WDR82",1,"down","WDR82","Wdr82"
"WNT3",1,"up","WNT3","Wnt3"
"WNT4",1,"down","WNT4","Wnt4"
"WWTR1",1,"down","WWTR1","Wwtr1"
"XBP1",1,"up","XBP1","Xbp1"
"XRCC4",1,"down","XRCC4","Xrcc4"
"YPEL2",1,"up","YPEL2","Ypel2"
"ZBTB7C",1,"up","ZBTB7C","Zbtb7c"
"ZC3H12A",1,"up","ZC3H12A","Zc3h12a"
"ZDHHC1",1,"up","ZDHHC1","Zdhhc1"
"ZNF395",1,"down","ZNF395","Zfp395"
"ZNF519",1,"down","ZNF519","Zfp386"
"ZYX",1,"up","ZYX","Zyx"
"RAS",1,"up","RAS",NA
"ATM1",1,"up","ATM1",NA
"AURKA1",1,"down","AURKA1",NA
"BIRC51",1,"down","BIRC51",NA
"BMI11",1,"down","BMI11",NA
"BRAF1",1,"up","BRAF1",NA
"CCL21",1,"up","CCL21","Ccl21e"
"CCNA21",1,"down","CCNA21",NA
"CDK21",1,"down","CDK21",NA
"CDK41",1,"down","CDK41",NA
"CDKN1A1",1,"up","CDKN1A1",NA
"CDKN1B1",1,"up","CDKN1B1",NA
"CDKN2A1",1,"up","CDKN2A1",NA
"CDKN2B1",1,"up","CDKN2B1",NA
"COL1A1",1,"down","COL1A1","Col1a1"
"CXCL21",1,"up","CXCL21",NA
"CXCL81",1,"up","CXCL81",NA
"EZH21",1,"down","EZH21",NA
"FOXM11",1,"down","FOXM11",NA
"H2AX1",1,"up","H2AX1",NA
"HRAS1",1,"up","HRAS1",NA
"ICAM11",1,"up","ICAM11",NA
"ID11",1,"down","ID11",NA
"IGFBP31",1,"up","IGFBP31",NA
"IGFBP51",1,"up","IGFBP51",NA
"IGFBP71",1,"up","IGFBP71",NA
"IL1A1",1,"up","IL1A1",NA
"IL1B1",1,"up","IL1B1",NA
"IL61",1,"up","IL61",NA
"KRAS1",1,"up","KRAS1",NA
"LMNB11",1,"down","LMNB11",NA
"MAP1LC3A1",1,"up","MAP1LC3A1",NA
"MAPK141",1,"up","MAPK141",NA
"MDM21",1,"down","MDM21",NA
"MKI671",1,"down","MKI671",NA
"MMP131",1,"up","MMP131",NA
"MMP31",1,"up","MMP31",NA
"MMP91",1,"up","MMP91",NA
"MTOR1",1,"up","MTOR1",NA
"MYC1",1,"down","MYC1",NA
"NFE2L21",1,"down","NFE2L21",NA
"NFKB11",1,"up","NFKB11",NA
"NOS31",1,"down","NOS31",NA
"NOX41",1,"up","NOX41",NA
"PML1",1,"up","PML1",NA
"PPARGC1A1",1,"down","PPARGC1A1",NA
"PRKAA1",1,"down","PRKAA1","Prkaa1"
"PTEN1",1,"down","PTEN1",NA
"PTGS21",1,"up","PTGS21",NA
"RB11",1,"up","RB11",NA
"RELA1",1,"up","RELA1",NA
"RPS6KB11",1,"up","RPS6KB11",NA
"SERPINE11",1,"up","SERPINE11",NA
"SIRT11",1,"down","SIRT11",NA
"SIRT31",1,"down","SIRT31",NA
"SIRT61",1,"down","SIRT61",NA
"SQSTM11",1,"up","SQSTM11",NA
"STAT31",1,"up","STAT31",NA
"TERT1",1,"down","TERT1",NA
"TGFB11",1,"up","TGFB11",NA
"TNF1",1,"up","TNF1",NA
"TP531",1,"up","TP531",NA
